Unnamed: 0,peptide,HLA_allele,potential,tested_subjects,positive_subjects,immunogenicity,parts,binding_score,IEDB_predictions
2,LVYVNGVVV,HLA-A*02:01,0.125,6,0,Negative,3.0,0.96008,0.1249
3,LLIGICVAV,HLA-A*02:01,0.083333333,10,0,Negative,6.0,0.99252,0.21385
4,FAVQTIVFI,HLA-A*02:01,0.083333333,10,0,Negative,0.0,0.96905,0.16316
6,LLNGWRWRL,HLA-A*02:01,0.0625,14,0,Negative,0.0,0.99463,0.5136
10,LLDLFGPEV,HLA-A*02:01,0.083333333,10,0,Negative,3.0,0.99905,0.19108
14,TVCGGIMFL,HLA-A*02:01,0.428571429,5,2,Positive,7.0,0.98582,0.09508
17,DQYVKVYLE,HLA-A*02:01,0.166666667,10,1,Positive,0.0,0.69591,-0.1404
18,KAYHIIFFV,HLA-A*02:01,0.083333333,10,0,Negative,7.0,0.99625,0.45343
21,RIFVRVYNV,HLA-A*02:01,0.083333333,10,0,Negative,9.0,0.99662,0.1619
25,EEDTDEDSD,HLA-A*02:01,0.166666667,10,1,Positive,2.0,0.0,0.08417
26,PSLILVSQY,HLA-A*02:01,0.25,10,2,Positive,5.0,0.536,-0.04892
27,YLASHYEKL,HLA-A*02:01,0.071428571,12,0,Negative,5.0,0.9997,-0.16725
28,MRPHERNGF,HLA-A*02:01,0.166666667,10,1,Positive,0.0,0.56286,0.18951
30,LLAPGGNSM,HLA-A*02:01,0.8,3,3,Positive,4.0,0.99211,-0.03568
34,FMYFCEQKL,HLA-A*02:01,0.083333333,10,0,Negative,0.0,0.99534,-0.06541
36,NLNESLIDL,HLA-A*02:01,0.090909091,9,0,Negative,9.0,0.99738,0.05239
37,MMLVPLITV,HLA-A*02:01,0.666666667,1,1,Positive,8.0,0.99796,0.1517
40,SQILKEHPV,HLA-A*02:01,0.071428571,12,0,Negative,3.0,0.98799,-0.06289
42,TLFLLFLEI,HLA-A*02:01,0.083333333,10,0,Negative,8.0,0.98664,0.17538
49,FLVGVAIIL,HLA-A*02:01,0.083333333,10,0,Negative,5.0,0.99488,0.31461
50,SLMSGVEPL,HLA-A*02:01,0.75,2,2,Positive,2.0,0.99936,-0.07359
52,SLLELPEFL,HLA-A*02:01,0.111111111,16,1,Positive,0.0,0.99984,0.22881
53,ALASCMGLI,HLA-A*02:01,0.083333333,10,0,Negative,7.0,0.97241,-0.34945
56,NGFTVLCPK,HLA-A*02:01,0.166666667,10,1,Positive,8.0,0.45667,0.05484
57,FLHYCNSYA,HLA-A*02:01,0.083333333,10,0,Negative,4.0,0.98229,-0.19359
58,VVTGVLVYL,HLA-A*02:01,0.423076923,24,10,Positive,2.0,0.99549,0.10914
59,FWDANDIYR,HLA-A*02:01,0.166666667,10,1,Positive,4.0,0.87748,0.17131
60,IIYEILYML,HLA-A*02:01,0.083333333,10,0,Negative,6.0,0.99869,0.11299
62,KTVDLILEL,HLA-A*02:01,0.444444444,7,3,Positive,8.0,0.99805,0.19934
63,FLVIWVARA,HLA-A*02:01,0.083333333,10,0,Negative,5.0,0.99091,0.46514
64,NTRATKMQV,HLA-A*02:01,0.166666667,10,1,Positive,1.0,0.8371500000000001,-0.32491
65,ILHCANFNV,HLA-A*02:01,0.4,3,1,Positive,4.0,0.99271,0.08328
71,FLYSEIIRT,HLA-A*02:01,0.083333333,10,0,Negative,6.0,0.99949,0.19767
74,SLSLHPLYV,HLA-A*02:01,0.083333333,10,0,Negative,0.0,0.9995,-0.05532
75,SLHVGTQCA,HLA-A*02:01,0.058823529,15,0,Negative,7.0,0.97082,-0.00768
76,TLDEKVAEL,HLA-A*02:01,0.5,2,1,Positive,5.0,0.99994,0.02833
77,FLTSVINRV,HLA-A*02:01,0.625,6,4,Positive,8.0,0.99982,0.03639
78,GLMWLSYFV,HLA-A*02:01,0.8,3,3,Positive,7.0,0.99767,0.06464
79,HERNGFTVL,HLA-A*02:01,0.166666667,10,1,Positive,1.0,0.76727,0.21037
80,IIMAINVFT,HLA-A*02:01,0.083333333,10,0,Negative,9.0,0.9585,0.20912
81,YMGFRLYLA,HLA-A*02:01,0.083333333,10,0,Negative,2.0,0.98825,0.15916
83,YIWIKNLET,HLA-A*02:01,0.083333333,10,0,Negative,3.0,0.98498,0.03887
85,ALMLRLLRI,HLA-A*02:01,0.916666667,10,10,Positive,0.0,0.99564,-0.00732
87,TIPEALAAV,HLA-A*02:01,0.833333333,4,4,Positive,4.0,0.99665,0.18069
88,IMYTYFSNT,HLA-A*02:01,0.083333333,10,0,Negative,1.0,0.96937,0.00106
89,DLDLKGPKV,HLA-A*02:01,0.666666667,1,1,Positive,0.0,0.97506,-0.31742
90,LLWSFQTSA,HLA-A*02:01,0.666666667,1,1,Positive,9.0,0.99754,-0.15351
93,ALWDSNFFT,HLA-A*02:01,0.083333333,10,0,Negative,6.0,0.99646,0.09423
95,NMYNVSMAV,HLA-A*02:01,0.083333333,10,0,Negative,7.0,0.99775,-0.24858
96,FLILCYFIL,HLA-A*02:01,0.083333333,10,0,Negative,8.0,0.95074,0.15262
98,FAVPNLQSL,HLA-A*02:01,0.5,4,2,Positive,1.0,0.99328,-0.20892
100,SMLGIWFFT,HLA-A*02:01,0.083333333,10,0,Negative,5.0,0.97803,0.53581
102,TLQPVERVL,HLA-A*02:01,0.428571429,12,5,Positive,1.0,0.99125,0.15349
104,RLWHYPCTV,HLA-A*02:01,0.342857143,33,11,Positive,2.0,0.99921,0.06759
106,SVGGVFTSV,HLA-A*02:01,0.583333333,10,6,Positive,3.0,0.99737,0.1316
107,FANCNFTLV,HLA-A*02:01,0.181818182,42,7,Positive,9.0,0.97495,0.07383
111,FAAGIIILM,HLA-A*02:01,0.083333333,10,0,Negative,5.0,0.98779,0.40752
115,ALWGPDPAA,HLA-A*02:01,0.1,8,0,Negative,2.0,0.9974,0.12958
116,NLVPGVATV,HLA-A*02:01,0.4,3,1,Positive,6.0,0.99972,0.1298
119,SLTECPTFL,HLA-A*02:01,0.916666667,10,10,Positive,6.0,0.99856,0.15157
121,FLLLTSIPI,HLA-A*02:01,0.083333333,10,0,Negative,2.0,0.99172,-0.02685
122,DIYRIFAEL,HLA-A*02:01,0.272727273,9,2,Positive,2.0,0.94155,0.3822
125,LIQEIVHEV,HLA-A*02:01,0.25,6,1,Positive,0.0,0.99986,0.31741
129,VLSEWLPVT,HLA-A*02:01,0.666666667,1,1,Positive,5.0,0.99582,0.26707
130,YIVDPTFQL,HLA-A*02:01,0.083333333,10,0,Negative,6.0,0.99984,0.09258
132,NIAEYIAGL,HLA-A*02:01,0.083333333,10,0,Negative,6.0,0.99698,0.28795
133,RVFTSAVLL,HLA-A*02:01,0.125,6,0,Negative,9.0,0.98874,-0.01885
134,VLGPISGHV,HLA-A*02:01,0.166666667,10,1,Positive,5.0,0.99644,0.02121
137,FVSCDFTIV,HLA-A*02:01,0.266666667,43,11,Positive,1.0,0.97218,0.13437
138,GLMWLSYFI,HLA-A*02:01,0.8,3,3,Positive,8.0,0.99517,0.06464
139,CINGVCWSI,HLA-A*02:01,0.8,3,3,Positive,4.0,0.8652,0.11173
140,LLQEEEEEL,HLA-A*02:01,0.444444444,7,3,Positive,3.0,0.99843,0.3979
144,SVYNTVATL,HLA-A*02:01,0.8,3,3,Positive,6.0,0.9958,0.12465
146,ATDALMTGY,HLA-A*02:01,0.8,3,3,Positive,0.0,0.8698699999999999,-0.07697
149,FTLRHIIGL,HLA-A*02:01,0.083333333,10,0,Negative,1.0,0.99605,0.33738
151,SLFNTIAVL,HLA-A*02:01,0.6,3,2,Positive,9.0,0.99831,0.25171
152,LLLDDFVEI,HLA-A*02:01,0.375,6,2,Positive,5.0,0.99976,0.24386
155,GTYCLNVSL,HLA-A*02:01,0.058823529,15,0,Negative,0.0,0.96831,-0.13416
159,FVARVFLGL,HLA-A*02:01,0.083333333,10,0,Negative,8.0,0.99018,0.22562
161,KISNTTFEV,HLA-A*02:01,0.25,6,1,Positive,7.0,0.99839,0.17143
164,RLQSLQTYV,HLA-A*02:01,0.916666667,10,10,Positive,7.0,0.99938,-0.29331
165,YLDGAADIV,HLA-A*02:01,0.083333333,10,0,Negative,0.0,0.99481,0.21271
166,SIGTGRAML,HLA-A*02:01,0.058823529,15,0,Negative,2.0,0.92505,0.0622
167,LIIIFFIVL,HLA-A*02:01,0.083333333,10,0,Negative,8.0,0.9152,0.53776
168,LLLLIYLYL,HLA-A*02:01,0.083333333,10,0,Negative,9.0,0.97669,0.09984
169,LLHETDSAV,HLA-A*02:01,0.5,2,1,Positive,1.0,0.99611,0.05317
170,ILLLSLNPV,HLA-A*02:01,0.5,4,2,Positive,6.0,0.99572,-0.19824
173,GTLGFVFTL,HLA-A*02:01,0.857142857,5,5,Positive,4.0,0.99735,0.30484
174,AIRETVELR,HLA-A*02:01,0.25,10,2,Positive,5.0,0.86327,0.27223
176,SMTSPSPVT,HLA-A*02:01,0.0625,14,0,Negative,5.0,0.94845,-0.30564
178,FLHCIVFNV,HLA-A*02:01,0.714285714,5,4,Positive,6.0,0.99697,0.21973
179,FLGDDPSPA,HLA-A*02:01,0.916666667,10,10,Positive,3.0,0.99671,-0.10162
180,KVDDTFYYV,HLA-A*02:01,0.5,6,3,Positive,6.0,0.99982,0.17224
181,MIKPCCERV,HLA-A*02:01,0.25,6,1,Positive,9.0,0.95563,-0.06967
182,GITLFLLFL,HLA-A*02:01,0.083333333,10,0,Negative,5.0,0.96241,0.16404
184,FIVVATAAV,HLA-A*02:01,0.083333333,10,0,Negative,4.0,0.98532,0.18546
185,RMIAISAKV,HLA-A*02:01,0.083333333,10,0,Negative,3.0,0.99747,-0.03654
186,GLLHHAPSL,HLA-A*02:01,0.666666667,4,3,Positive,2.0,0.99947,-0.00874
188,ILDAHSLYL,HLA-A*02:01,0.666666667,1,1,Positive,4.0,0.99992,-0.08918
190,GLLNSIWPL,HLA-A*02:01,0.8,3,3,Positive,0.0,0.9993,0.13453
191,ILLWEIPDV,HLA-A*02:01,0.230769231,11,2,Positive,3.0,0.99881,0.44567
193,GLIIISIFL,HLA-A*02:01,0.083333333,10,0,Negative,9.0,0.99109,0.33171
194,PRVTGGGAM,HLA-A*02:01,0.166666667,10,1,Positive,6.0,0.2,0.16882
195,VEEDLTMTR,HLA-A*02:01,0.166666667,10,1,Positive,5.0,0.67833,-0.04496
197,SLDSLVHLL,HLA-A*02:01,0.083333333,10,0,Negative,3.0,0.99989,-0.11039
198,NMISDTIFV,HLA-A*02:01,0.083333333,10,0,Negative,2.0,0.99824,0.11559
200,FLISLVMKL,HLA-A*02:01,0.083333333,10,0,Negative,0.0,0.99981,-0.36941
203,SLYQLENYC,HLA-A*02:01,0.1,8,0,Negative,8.0,0.9869,-0.04193
205,STPCHRGDN,HLA-A*02:01,0.25,10,2,Positive,9.0,0.0,0.06393
206,LIAGIILLI,HLA-A*02:01,0.083333333,10,0,Negative,2.0,0.99118,0.28584
212,LMNNAFEWI,HLA-A*02:01,0.125,6,0,Negative,8.0,0.96985,0.35361
213,WQPAAQPKR,HLA-A*02:01,0.166666667,10,1,Positive,7.0,0.774,-0.17053
216,MMMLPATLA,HLA-A*02:01,0.038461538,50,1,Positive,9.0,0.97766,-0.01585
218,FMNLYSFTI,HLA-A*02:01,0.083333333,10,0,Negative,4.0,0.99576,-0.05111
219,WLSDCGEAL,HLA-A*02:01,0.125,6,0,Negative,2.0,0.99182,0.05538
220,FIDILLFVI,HLA-A*02:01,0.083333333,10,0,Negative,1.0,0.98026,0.2428
223,LVITINYFL,HLA-A*02:01,0.083333333,10,0,Negative,0.0,0.98576,0.27105
224,YIIRVTTEL,HLA-A*02:01,0.083333333,10,0,Negative,0.0,0.99842,0.26328
226,LMIIPLINV,HLA-A*02:01,0.5,8,4,Positive,9.0,0.99584,0.26442
227,SLYNTITVL,HLA-A*02:01,0.4,3,1,Positive,2.0,0.99921,0.21225
229,YTQDELINV,HLA-A*02:01,0.083333333,10,0,Negative,8.0,0.99898,0.18032
230,FAYICPANV,HLA-A*02:01,0.083333333,10,0,Negative,9.0,0.97799,0.09902
234,SLQQEITLL,HLA-A*02:01,0.857142857,5,5,Positive,3.0,0.99892,0.0949
235,PGLSISGNL,HLA-A*02:01,0.166666667,10,1,Positive,1.0,0.42727,-0.17138
236,RTATKAYNV,HLA-A*02:01,0.666666667,1,1,Positive,4.0,0.97794,-0.12831
238,RLWRATPLG,HLA-A*02:01,0.0625,14,0,Negative,1.0,0.92623,0.18278
241,LLFKTNRKV,HLA-A*02:01,0.071428571,12,0,Negative,3.0,0.99348,-0.22961
243,GDTPVLPHE,HLA-A*02:01,0.166666667,10,1,Positive,1.0,0.4633299999999999,0.04074
245,FLLPSLATV,HLA-A*02:01,0.090909091,9,0,Negative,0.0,0.99995,-0.1306
246,NMQTVKLFV,HLA-A*02:01,0.083333333,10,0,Negative,0.0,0.98924,-0.1023
248,YLNPGNYSM,HLA-A*02:01,0.375,6,2,Positive,1.0,0.9998,-0.08613
249,LLFNSSFCI,HLA-A*02:01,0.083333333,10,0,Negative,2.0,0.99487,-0.21804
252,FANHNFTLV,HLA-A*02:01,0.171428571,33,5,Positive,6.0,0.99244,0.16063
253,LPAIVREAI,HLA-A*02:01,0.142857143,5,0,Negative,2.0,0.71815,0.3429
254,YIDISDVKV,HLA-A*02:01,0.25,6,1,Positive,5.0,0.99618,-0.09026
257,LLIDILILL,HLA-A*02:01,0.083333333,10,0,Negative,7.0,0.99953,0.29052
258,YLDIFCWKV,HLA-A*02:01,0.083333333,10,0,Negative,8.0,0.99668,0.26531
263,FTNLITLAV,HLA-A*02:01,0.083333333,10,0,Negative,7.0,0.98702,0.16638
266,FVDFVIHGL,HLA-A*02:01,0.083333333,10,0,Negative,7.0,0.99918,0.33758
267,LLMYNLLTI,HLA-A*02:01,0.083333333,10,0,Negative,9.0,0.9954,-0.06414
268,QLAGYILTV,HLA-A*02:01,0.083333333,10,0,Negative,1.0,0.9999,0.1818
270,KLEKIEDEL,HLA-A*02:01,0.333333333,16,5,Positive,3.0,0.99183,0.11657
272,LLYDANYFL,HLA-A*02:01,0.714285714,5,4,Positive,7.0,0.99982,0.11841
273,RHLPVADAV,HLA-A*02:01,0.166666667,10,1,Positive,3.0,0.7885500000000001,0.10385
274,QLLFVVEVV,HLA-A*02:01,0.4,3,1,Positive,0.0,0.99215,0.30188
275,EPMSIYVYA,HLA-A*02:01,0.25,10,2,Positive,8.0,0.79793,-0.06467
276,PLLIPTSKL,HLA-A*02:01,0.3,8,2,Positive,2.0,0.95655,-0.10956
281,ILSSAIFST,HLA-A*02:01,0.083333333,10,0,Negative,4.0,0.99159,-0.05465
283,GNIPALLDV,HLA-A*02:01,0.125,6,0,Negative,5.0,0.87452,0.0633
284,TVSGLAWTR,HLA-A*02:01,0.166666667,10,1,Positive,3.0,0.87297,0.21605
285,QMVEASLSV,HLA-A*02:01,0.666666667,4,3,Positive,9.0,0.99789,-0.1095
288,YQLAGYILT,HLA-A*02:01,0.083333333,10,0,Negative,1.0,0.96674,0.17113
289,TLLTIDGGI,HLA-A*02:01,0.5,12,6,Positive,8.0,0.96109,0.23434
290,YLYASFCTV,HLA-A*02:01,0.083333333,10,0,Negative,8.0,0.99881,-0.03555
293,GTDGFPFKL,HLA-A*02:01,0.1,8,0,Negative,5.0,0.9952,0.11766
294,SLFSLLLVI,HLA-A*02:01,0.083333333,10,0,Negative,2.0,0.99605,-0.13495
298,KISHIMLDV,HLA-A*02:01,0.25,10,2,Positive,1.0,0.98904,-0.05325
301,LIWTGMIDL,HLA-A*02:01,0.916666667,10,10,Positive,6.0,0.98386,0.10394
302,ALSELPETL,HLA-A*02:01,0.222222222,7,1,Positive,2.0,0.9998,0.13299
305,LVLILYLCV,HLA-A*02:01,0.6875,14,10,Positive,8.0,0.88128,0.07518
306,HIYFVSLLL,HLA-A*02:01,0.083333333,10,0,Negative,7.0,0.98193,-0.01477
312,KHGDVITII,HLA-A*02:01,0.666666667,1,1,Positive,3.0,0.82735,0.30932
316,PMMCYFLTA,HLA-A*02:01,0.083333333,10,0,Negative,8.0,0.91799,0.00867
318,AMASTEGNV,HLA-A*02:01,0.666666667,1,1,Positive,6.0,0.97396,0.0031
323,YVVKFVFEA,HLA-A*02:01,0.083333333,10,0,Negative,7.0,0.99523,0.10656
325,QWKEPDVYY,HLA-A*02:01,0.25,10,2,Positive,0.0,0.772,0.07351
328,LLMMTLPSI,HLA-A*02:01,0.083333333,10,0,Negative,4.0,0.99739,-0.31236
329,SILEDPPSI,HLA-A*02:01,0.285714286,12,3,Positive,0.0,0.99952,0.00229
331,YLMLLFAAM,HLA-A*02:01,0.083333333,10,0,Negative,9.0,0.97813,0.08712
334,MLWYTVYNI,HLA-A*02:01,0.75,2,2,Positive,5.0,0.99408,0.13794
336,RLHLWLSDM,HLA-A*02:01,0.125,6,0,Negative,3.0,0.94483,0.07794
342,KMAAFPETL,HLA-A*02:01,0.586206897,27,16,Positive,9.0,0.99891,0.26281
346,WLGNIIQYA,HLA-A*02:01,0.363636364,9,3,Positive,7.0,0.99387,0.15945
347,NXVPMVATV,HLA-A*02:01,0.375,6,2,Positive,8.0,0.95353,
349,LRSEGSPLV,HLA-A*02:01,0.666666667,1,1,Positive,9.0,0.89464,-0.09152
350,WLSLLVPFV,HLA-A*02:01,0.571428571,5,3,Positive,1.0,0.99509,0.02224
357,LMIYGLPWM,HLA-A*02:01,0.083333333,10,0,Negative,3.0,0.9851,0.1821
360,FVYPSNFDV,HLA-A*02:01,0.083333333,10,0,Negative,6.0,0.99858,-0.06779
361,SLLYEYFTV,HLA-A*02:01,0.071428571,12,0,Negative,6.0,0.99869,0.20818
363,FIAGLIAIV,HLA-A*02:01,0.4,3,1,Positive,2.0,0.99759,0.27206
364,LIVRYLIQV,HLA-A*02:01,0.083333333,10,0,Negative,7.0,0.99467,0.09608
367,NVFAFPFTI,HLA-A*02:01,0.833333333,10,9,Positive,9.0,0.99634,0.30241
369,FLIVLSVAL,HLA-A*02:01,0.076923077,11,0,Negative,8.0,0.99557,-0.02409
371,FLFAVGFYL,HLA-A*02:01,0.423076923,24,10,Positive,7.0,0.9988,0.24611
372,EVKEKHEFL,HLA-A*02:01,0.428571429,5,2,Positive,2.0,0.8920699999999999,0.0041
374,GLCQVFADA,HLA-A*02:01,0.5,4,2,Positive,9.0,0.9562,0.06232
377,FTGSEVENV,HLA-A*02:01,0.083333333,10,0,Negative,4.0,0.99065,0.06161
381,LLYLILFLL,HLA-A*02:01,0.083333333,10,0,Negative,9.0,0.9795,0.19912
383,SLSIFFIVV,HLA-A*02:01,0.083333333,10,0,Negative,1.0,0.99024,0.44086
388,SLPRSRTPI,HLA-A*02:01,0.571428571,5,3,Positive,5.0,0.93583,-0.03762
391,SLMDLLSSL,HLA-A*02:01,0.285714286,19,5,Positive,4.0,0.99991,-0.2922
392,LMASSPTSI,HLA-A*02:01,0.25,26,6,Positive,8.0,0.99445,-0.38921
393,RILPYTFKI,HLA-A*02:01,0.083333333,10,0,Negative,5.0,0.99893,-0.00902
394,VMMSCSSEA,HLA-A*02:01,0.125,6,0,Negative,1.0,0.98051,-0.51282
397,YVNAILYQI,HLA-A*02:01,0.666666667,1,1,Positive,1.0,0.99743,0.08563
398,IMGGELPTA,HLA-A*02:01,0.5,2,1,Positive,6.0,0.99752,0.14548
401,SLYEANPEL,HLA-A*02:01,0.263157895,17,4,Positive,7.0,0.99994,0.1807
402,VQGQNLKYQ,HLA-A*02:01,0.166666667,10,1,Positive,6.0,0.512,-0.30646
405,FLLDILGAT,HLA-A*02:01,0.666666667,28,19,Positive,6.0,0.99488,0.18934
407,IILEFFLIV,HLA-A*02:01,0.333333333,7,2,Positive,1.0,0.99329,0.38975
411,GLDNHTILL,HLA-A*02:01,0.875,6,6,Positive,6.0,0.99964,0.17457
416,ILGALLSIL,HLA-A*02:01,0.105263158,17,1,Positive,6.0,0.98755,-0.03273
417,MLDLQPETT,HLA-A*02:01,0.5,6,3,Positive,0.0,0.97855,-0.02002
421,VMKLFTISV,HLA-A*02:01,0.083333333,10,0,Negative,4.0,0.99315,0.08504
424,GLDQYLESV,HLA-A*02:01,0.133333333,13,1,Positive,5.0,0.99968,-0.13556
428,LLISLVYAT,HLA-A*02:01,0.083333333,10,0,Negative,6.0,0.98155,-0.07547
430,ALNTLVKQL,HLA-A*02:01,0.2,8,1,Positive,9.0,0.99774,-0.18466
433,SLQNSEFLL,HLA-A*02:01,0.428571429,5,2,Positive,4.0,0.99778,-0.01864
435,AIVREAIKR,HLA-A*02:01,0.142857143,5,0,Negative,0.0,0.7955199999999999,0.18613
442,VMASLVWPV,HLA-A*02:01,0.727272727,9,7,Positive,7.0,0.99826,0.05475
443,QIITLTAFV,HLA-A*02:01,0.083333333,10,0,Negative,1.0,0.98711,0.20942
448,KLPDLCTEL,HLA-A*02:01,0.173913043,21,3,Positive,9.0,0.9986,0.04843
449,VIVMLTPLV,HLA-A*02:01,0.074074074,25,1,Positive,2.0,0.98309,-0.1534
450,ALFGIKLPA,HLA-A*02:01,0.083333333,10,0,Negative,3.0,0.99609,-0.01714
452,FLGYLILGV,HLA-A*02:01,0.833333333,4,4,Positive,7.0,0.99729,0.1322
453,QVHSSLSVV,HLA-A*02:01,0.125,6,0,Negative,2.0,0.95803,-0.44301
456,ATDALMTGF,HLA-A*02:01,0.8,3,3,Positive,1.0,0.91703,-0.07697
457,GLFDFVNFV,HLA-A*02:01,0.25,6,1,Positive,4.0,0.99991,0.27612
458,TLLEFVFKL,HLA-A*02:01,0.666666667,4,3,Positive,0.0,0.99994,0.22281
459,YCCIRVFLA,HLA-A*02:01,0.0625,14,0,Negative,9.0,0.8060200000000001,0.298
460,NLVPQVATV,HLA-A*02:01,0.4,3,1,Positive,0.0,0.99965,-0.016
462,GLNDYLHSV,HLA-A*02:01,0.625,6,4,Positive,5.0,0.99998,-0.06318
463,NTLTISFFL,HLA-A*02:01,0.083333333,10,0,Negative,4.0,0.97774,0.17653
467,ILDEERDKV,HLA-A*02:01,0.714285714,5,4,Positive,2.0,0.99821,0.14689
468,LVIGACVYC,HLA-A*02:01,0.0625,14,0,Negative,2.0,0.86654,0.09733
469,YLDTDVILM,HLA-A*02:01,0.476190476,40,19,Positive,5.0,0.9995,0.21256
472,FTLVAPVSI,HLA-A*02:01,0.125,6,0,Negative,0.0,0.9815,0.00378
474,GVLDAVWRV,HLA-A*02:01,0.7,18,13,Positive,8.0,0.99974,0.31286
479,VLCLRPVGA,HLA-A*02:01,0.5,4,2,Positive,6.0,0.96953,0.06594
480,VLQCVNVSV,HLA-A*02:01,0.666666667,4,3,Positive,1.0,0.99491,-0.11956
481,LLAPGPLFV,HLA-A*02:01,0.916666667,10,10,Positive,3.0,0.99982,0.08314
485,KIDYYIPYV,HLA-A*02:01,0.625,6,4,Positive,1.0,0.99938,0.11364
486,LMLLFAAMI,HLA-A*02:01,0.083333333,10,0,Negative,9.0,0.94288,0.06649
490,YLFNAIETM,HLA-A*02:01,0.083333333,10,0,Negative,9.0,0.99954,0.30205
492,SLLKSLLLL,HLA-A*02:01,0.083333333,10,0,Negative,9.0,0.99895,-0.40798
493,FVLAAVYRI,HLA-A*02:01,0.4,3,1,Positive,8.0,0.99555,0.13985
494,YLLSLFSTL,HLA-A*02:01,0.083333333,10,0,Negative,0.0,0.99916,-0.18761
495,SQFGQEHRL,HLA-A*02:01,0.25,6,1,Positive,7.0,0.9967,0.11109
499,LLFVIVIYI,HLA-A*02:01,0.083333333,10,0,Negative,0.0,0.9878,0.35816
502,AIMDKTIIL,HLA-A*02:01,0.181818182,9,1,Positive,1.0,0.99825,-0.01806
503,VLVGGVLAA,HLA-A*02:01,0.076923077,11,0,Negative,2.0,0.99628,0.13286
505,RLLYPDYQI,HLA-A*02:01,0.157894737,17,2,Positive,4.0,0.99625,-0.06804
506,ILINHGFYI,HLA-A*02:01,0.083333333,10,0,Negative,0.0,0.99897,0.19673
507,VLASTTAKA,HLA-A*02:01,0.083333333,10,0,Negative,8.0,0.99283,-0.17241
508,SLFKNVRLL,HLA-A*02:01,0.25,6,1,Positive,8.0,0.99723,-0.10924
509,HTWDRHDEG,HLA-A*02:01,0.166666667,10,1,Positive,0.0,0.60667,0.25229
510,IHASGKQMW,HLA-A*02:01,0.166666667,10,1,Positive,8.0,0.63333,-0.52413
511,TLAPFNFLV,HLA-A*02:01,0.083333333,10,0,Negative,9.0,0.99978,0.20177
512,YLVSIFLHL,HLA-A*02:01,0.75,2,2,Positive,0.0,0.99928,0.09627
516,QEGAMHTAL,HLA-A*02:01,0.142857143,5,0,Negative,5.0,0.65357,-0.03456
519,KLCTFSFLI,HLA-A*02:01,0.285714286,5,1,Positive,4.0,0.99172,0.07215
520,FLLPLTSLV,HLA-A*02:01,0.083333333,10,0,Negative,3.0,0.99981,-0.13512
521,SLYNTVSTL,HLA-A*02:01,0.4,3,1,Positive,0.0,0.99908,-0.04799
522,GILEFVFTL,HLA-A*02:01,0.857142857,5,5,Positive,4.0,0.99961,0.37149
527,FIIDNFGSV,HLA-A*02:01,0.083333333,10,0,Negative,4.0,0.99874,0.10136
530,SLMAFTAAV,HLA-A*02:01,0.114285714,33,3,Positive,5.0,0.99897,0.18879
531,QMWQARLTV,HLA-A*02:01,0.25,10,2,Positive,7.0,0.99649,0.05548
532,SLYNTVVTL,HLA-A*02:01,0.4,3,1,Positive,9.0,0.99974,0.12647
533,ALWEIQQVV,HLA-A*02:01,0.666666667,4,3,Positive,5.0,0.99993,0.11957
534,LLLFHETGV,HLA-A*02:01,0.083333333,10,0,Negative,2.0,0.9966,0.29251
535,FLDKSIHLT,HLA-A*02:01,0.083333333,10,0,Negative,9.0,0.99913,-0.2248
538,YLASGGQPI,HLA-A*02:01,0.916666667,10,10,Positive,6.0,0.99641,-0.19311
540,AMFTAALNI,HLA-A*02:01,0.083333333,10,0,Negative,4.0,0.99202,0.13885
542,SLFNTVATL,HLA-A*02:01,0.6,3,2,Positive,8.0,0.99908,0.16385
549,LIVDAVLQL,HLA-A*02:01,0.285714286,5,1,Positive,8.0,0.99711,0.03564
550,ITDQVPFSV,HLA-A*02:01,0.222222222,7,1,Positive,6.0,0.99788,-0.07746
551,SDNEIHNPA,HLA-A*02:01,0.25,10,2,Positive,8.0,0.73263,0.24676
555,LLLDRLNQL,HLA-A*02:01,0.857142857,5,5,Positive,4.0,0.99979,-0.01446
559,SMNATLVQA,HLA-A*02:01,0.25,6,1,Positive,0.0,0.99609,0.03179
562,TIADYNYKL,HLA-A*02:01,0.909090909,9,9,Positive,0.0,0.99816,-0.10379
567,FLYIIDWMV,HLA-A*02:01,0.083333333,10,0,Negative,0.0,0.99698,0.36754
570,KLVIIFMNL,HLA-A*02:01,0.083333333,10,0,Negative,6.0,0.98727,0.23514
576,SLDVINYLI,HLA-A*02:01,0.083333333,10,0,Negative,2.0,0.99665,0.16265
577,STVAPEEDT,HLA-A*02:01,0.416666667,10,4,Positive,6.0,0.62,0.23368
578,MIVAWFLLL,HLA-A*02:01,0.083333333,10,0,Negative,4.0,0.96988,0.36283
581,LLNNYTLKI,HLA-A*02:01,0.083333333,10,0,Negative,8.0,0.99745,-0.11103
582,SLYNTVATL,HLA-A*02:01,0.6,3,2,Positive,9.0,0.99912,0.12465
583,RGDNQLQVQ,HLA-A*02:01,0.25,10,2,Positive,4.0,0.38125,-0.19619
584,HLGELHAIL,HLA-A*02:01,0.071428571,12,0,Negative,5.0,0.99408,0.24218
585,NLVPHVATV,HLA-A*02:01,0.4,3,1,Positive,5.0,0.99982,0.1283
586,YLIIGILTL,HLA-A*02:01,0.333333333,13,4,Positive,5.0,0.9993,0.34872
587,IIWFLLLSV,HLA-A*02:01,0.75,2,2,Positive,7.0,0.98758,0.06244
588,VMYAFTTPL,HLA-A*02:01,0.083333333,10,0,Negative,8.0,0.9945,0.21499
590,TLEEFSAKL,HLA-A*02:01,0.266666667,13,3,Positive,1.0,0.99725,-0.00146
591,VLEETSVML,HLA-A*02:01,0.285714286,12,3,Positive,1.0,0.99861,-0.05244
595,LLSLFSLWL,HLA-A*02:01,0.423076923,24,10,Positive,2.0,0.97792,0.01347
597,FMVFLQTHI,HLA-A*02:01,0.2,8,1,Positive,1.0,0.99011,0.06302
598,IANYNFTLV,HLA-A*02:01,0.142857143,19,2,Positive,6.0,0.95637,0.12436
602,TMYYKDVTV,HLA-A*02:01,0.916666667,10,10,Positive,1.0,0.99845,-0.13652
603,YMLDLQPET,HLA-A*02:01,0.208333333,22,4,Positive,0.0,0.99799,-0.05198
607,GLLTVCYVL,HLA-A*02:01,0.555555556,7,4,Positive,9.0,0.98769,0.04591
609,FANHKFTLV,HLA-A*02:01,0.212765957,45,9,Positive,7.0,0.9919,-0.04307
610,KVLPDGQVI,HLA-A*02:01,0.058823529,15,0,Negative,4.0,0.98009,-0.0349
612,AQPKRRRHR,HLA-A*02:01,0.166666667,10,1,Positive,4.0,0.60889,-0.0589
614,VLLLVVVMM,HLA-A*02:01,0.125,6,0,Negative,8.0,0.97265,-0.00346
615,FLALSILVL,HLA-A*02:01,0.214285714,12,2,Positive,5.0,0.99639,-0.01952
617,TLYTAVSST,HLA-A*02:01,0.125,22,2,Positive,6.0,0.98311,-0.12146
619,IVIGVIILA,HLA-A*02:01,0.083333333,10,0,Negative,4.0,0.98631,0.34862
620,KLYAAIFGV,HLA-A*02:01,0.083333333,10,0,Negative,2.0,0.99968,0.32015
621,FTNNKFTLS,HLA-A*02:01,0.142857143,5,0,Negative,6.0,0.8366,-0.08213
624,SIHVTVSNV,HLA-A*02:01,0.125,6,0,Negative,1.0,0.98328,-0.0147
628,GLSRYVARL,HLA-A*02:01,0.216216216,35,7,Positive,7.0,0.99585,0.0969
634,MLGTHTMEV,HLA-A*02:01,0.666666667,1,1,Positive,7.0,0.99918,0.0284
636,LLVGYNDSA,HLA-A*02:01,0.125,6,0,Negative,5.0,0.96976,-0.04013
642,LLSLFSTLV,HLA-A*02:01,0.083333333,10,0,Negative,0.0,0.9947,-0.08031
643,IMDFIGPYI,HLA-A*02:01,0.083333333,10,0,Negative,2.0,0.99735,0.27498
644,KRGPSTEGV,HLA-A*02:01,0.083333333,10,0,Negative,8.0,0.82581,-0.02042
645,QLATLDYLV,HLA-A*02:01,0.083333333,10,0,Negative,6.0,0.99562,0.05224
646,ALIRYLQQL,HLA-A*02:01,0.6,3,2,Positive,7.0,0.99973,-0.0842
648,KIEDLINQL,HLA-A*02:01,0.25,6,1,Positive,0.0,0.99618,0.09616
653,IIALLFALV,HLA-A*02:01,0.083333333,10,0,Negative,6.0,0.9778,0.12748
655,RIILNGSLL,HLA-A*02:01,0.125,6,0,Negative,8.0,0.9492,-0.08846
656,NVLLYNRLL,HLA-A*02:01,0.125,6,0,Negative,9.0,0.93253,0.01275
658,SVFRENLFL,HLA-A*02:01,0.125,6,0,Negative,4.0,0.99023,0.24053
659,GLITVLFLL,HLA-A*02:01,0.0625,14,0,Negative,6.0,0.99743,0.20434
662,IFLLHHAFV,HLA-A*02:01,0.058823529,15,0,Negative,3.0,0.89604,0.14861
663,KLFTDNNFL,HLA-A*02:01,0.083333333,10,0,Negative,8.0,0.9992,0.15551
665,LLLWPLYVL,HLA-A*02:01,0.083333333,10,0,Negative,2.0,0.99366,0.21905
666,GMVTTSTTL,HLA-A*02:01,0.538461538,11,6,Positive,6.0,0.99047,-0.01003
668,ILIEGIFFV,HLA-A*02:01,0.666666667,1,1,Positive,5.0,0.99995,0.46943
669,IHVRVSQPS,HLA-A*02:01,0.166666667,10,1,Positive,7.0,0.25,-0.15429
671,WLGNHGFEV,HLA-A*02:01,0.2,8,1,Positive,8.0,0.99702,0.22519
675,YTINCLLYI,HLA-A*02:01,0.083333333,10,0,Negative,0.0,0.98677,-0.03777
677,ILDEKPVII,HLA-A*02:01,0.214285714,12,2,Positive,1.0,0.99966,0.00011
678,ILYAAFLWL,HLA-A*02:01,0.083333333,10,0,Negative,0.0,0.99115,0.30653
682,RLTGYPAGI,HLA-A*02:01,0.916666667,10,10,Positive,6.0,0.99379,0.08548
684,TLYDFDYYI,HLA-A*02:01,0.083333333,10,0,Negative,4.0,0.99977,0.15072
685,CINGVCWSV,HLA-A*02:01,0.8,3,3,Positive,3.0,0.94421,0.11173
686,NLVPTVATV,HLA-A*02:01,0.4,3,1,Positive,7.0,0.99937,0.1346
687,ILLSDILRV,HLA-A*02:01,0.071428571,12,0,Negative,5.0,0.99992,-0.00231
690,FVFLVLLPL,HLA-A*02:01,0.916666667,10,10,Positive,2.0,0.96982,0.04076
692,ALPLKMLNI,HLA-A*02:01,0.166666667,10,1,Positive,6.0,0.9907,-0.4032
694,AIMDKVIIL,HLA-A*02:01,0.181818182,9,1,Positive,9.0,0.99931,-0.01574
697,KLFSYGTLI,HLA-A*02:01,0.083333333,10,0,Negative,9.0,0.9983,-0.07389
699,LLIKGGVEV,HLA-A*02:01,0.222222222,7,1,Positive,8.0,0.99911,-0.01556
701,FILIFNIIV,HLA-A*02:01,0.083333333,10,0,Negative,9.0,0.96904,0.42831
704,IIAIVFVFI,HLA-A*02:01,0.083333333,10,0,Negative,7.0,0.95586,0.40026
707,GIFEDRAPV,HLA-A*02:01,0.916666667,10,10,Positive,6.0,0.99565,0.23561
708,YLCTFMIIT,HLA-A*02:01,0.083333333,10,0,Negative,3.0,0.94559,0.16034
713,MTYTGGVMT,HLA-A*02:01,0.125,6,0,Negative,6.0,0.8898,0.035
714,PLVVAASII,HLA-A*02:01,0.083333333,10,0,Negative,0.0,0.72323,0.06801
715,FLLLYTIIV,HLA-A*02:01,0.083333333,10,0,Negative,4.0,0.99437,0.20826
716,QMMRNEFRV,HLA-A*02:01,0.285714286,19,5,Positive,0.0,0.99502,0.21207
719,FLSYISDTV,HLA-A*02:01,0.083333333,10,0,Negative,1.0,0.99886,-0.04215
720,SMIGLCACV,HLA-A*02:01,0.083333333,10,0,Negative,7.0,0.9872,0.01727
721,TQKCEIFNV,HLA-A*02:01,0.285714286,5,1,Positive,2.0,0.97223,0.19355
723,FVTETPLEG,HLA-A*02:01,0.666666667,1,1,Positive,9.0,0.83265,0.18985
729,SQEPMSIYV,HLA-A*02:01,0.083333333,10,0,Negative,8.0,0.9918,-0.19523
732,GIFCFRILL,HLA-A*02:01,0.083333333,10,0,Negative,7.0,0.97041,0.25231
733,AQFAPSASA,HLA-A*02:01,0.714285714,5,4,Positive,5.0,0.98741,-0.1528
734,LLYIKIYEL,HLA-A*02:01,0.083333333,10,0,Negative,5.0,0.99944,0.10338
736,PLGPQFPFT,HLA-A*02:01,0.058823529,15,0,Negative,6.0,0.91,0.05628
741,KLTGDENFT,HLA-A*02:01,0.058823529,15,0,Negative,0.0,0.92356,0.22549
743,YLQQNWWTL,HLA-A*02:01,0.142857143,5,0,Negative,0.0,0.99909,0.25767
745,WKEPDVYYT,HLA-A*02:01,0.166666667,10,1,Positive,0.0,0.48333,0.07652
751,AIFCITYYI,HLA-A*02:01,0.083333333,10,0,Negative,9.0,0.9882,0.14461
757,SLFYRAVAL,HLA-A*02:01,0.4,13,5,Positive,9.0,0.99766,0.17921
759,ILDPKTGLV,HLA-A*02:01,0.111111111,7,0,Negative,9.0,0.99934,-0.1553
760,RIFAELEGV,HLA-A*02:01,0.25,10,2,Positive,0.0,0.9985,0.26873
761,SVYDFFVWL,HLA-A*02:01,0.095238095,19,1,Positive,7.0,0.99711,0.40958
762,YMDDVVLGA,HLA-A*02:01,0.5,4,2,Positive,7.0,0.9991,0.11902
765,FLYSFFLCI,HLA-A*02:01,0.083333333,10,0,Negative,5.0,0.99201,0.01567
770,NLATSIYTI,HLA-A*02:01,0.083333333,10,0,Negative,3.0,0.99799,0.0355
772,LAALFMYYA,HLA-A*02:01,0.083333333,10,0,Negative,6.0,0.91279,-0.05504
773,AQLLTEFAI,HLA-A*02:01,0.666666667,4,3,Positive,6.0,0.97245,0.23895
777,LLIEGIFFI,HLA-A*02:01,0.916666667,10,10,Positive,9.0,0.99973,0.46943
778,SLFGQRIEV,HLA-A*02:01,0.666666667,10,7,Positive,9.0,0.99976,0.17884
779,SVIFYFISI,HLA-A*02:01,0.083333333,10,0,Negative,2.0,0.98229,0.28326
781,ALFDIESKV,HLA-A*02:01,0.5,2,1,Positive,1.0,0.9999,0.01855
785,NLLLWPLYV,HLA-A*02:01,0.083333333,10,0,Negative,2.0,0.9989,0.17898
788,LLMTSLQYA,HLA-A*02:01,0.083333333,10,0,Negative,1.0,0.99772,-0.2894
789,SLKDVLVSV,HLA-A*02:01,0.5,2,1,Positive,3.0,0.99993,-0.07974
791,LLIYLYLKV,HLA-A*02:01,0.083333333,10,0,Negative,4.0,0.98807,-0.11016
792,ELIEANLLW,HLA-A*02:01,0.666666667,1,1,Positive,4.0,0.90439,0.16012
796,SLIYYQNEV,HLA-A*02:01,0.083333333,10,0,Negative,4.0,0.99919,-0.02012
800,AIIPLSASV,HLA-A*02:01,0.083333333,10,0,Negative,4.0,0.99884,-0.19813
802,ILDDNLYKV,HLA-A*02:01,0.625,6,4,Positive,3.0,0.99999,-0.11634
807,SMITMSAFL,HLA-A*02:01,0.083333333,10,0,Negative,3.0,0.99196,-0.14305
808,DIIEQMKGV,HLA-A*02:01,0.181818182,9,1,Positive,3.0,0.96065,-0.29635
811,TIWFLLLSV,HLA-A*02:01,0.909090909,9,9,Positive,3.0,0.98888,0.06244
813,TLDTKPLSV,HLA-A*02:01,0.857142857,5,5,Positive,3.0,0.99979,-0.2802
814,DLLEEGNTL,HLA-A*02:01,0.117647059,15,1,Positive,7.0,0.97542,0.24377
815,SLFNTVVTL,HLA-A*02:01,0.4,3,1,Positive,3.0,0.99973,0.16567
816,IILFILFFA,HLA-A*02:01,0.083333333,10,0,Negative,9.0,0.94645,0.40056
817,LLIHFLLSL,HLA-A*02:01,0.083333333,10,0,Negative,5.0,0.99675,0.07329
818,HMYFTFFDV,HLA-A*02:01,0.083333333,10,0,Negative,6.0,0.9842,0.37636
819,DLYCGILYA,HLA-A*02:01,0.083333333,10,0,Negative,4.0,0.97878,0.09131
820,LLSHFYPAV,HLA-A*02:01,0.083333333,10,0,Negative,9.0,0.99755,0.10287
827,ALRNLRVFL,HLA-A*02:01,0.363636364,9,3,Positive,3.0,0.9834,0.15145
828,YLILFLLFV,HLA-A*02:01,0.083333333,10,0,Negative,3.0,0.99458,0.19464
832,RLYKTLGQL,HLA-A*02:01,0.428571429,12,5,Positive,8.0,0.99518,-0.22992
833,LLLIWFRPV,HLA-A*02:01,0.857142857,5,5,Positive,9.0,0.97207,0.49342
834,HLIMIYFFI,HLA-A*02:01,0.083333333,10,0,Negative,2.0,0.97034,0.15982
840,RMATMLEYV,HLA-A*02:01,0.083333333,10,0,Negative,6.0,0.9983,-0.04734
842,SQLAHLVYV,HLA-A*02:01,0.916666667,10,10,Positive,2.0,0.99942,0.08951
843,LEVQAIRET,HLA-A*02:01,0.333333333,10,3,Positive,7.0,0.47333,0.1624
844,CLNGVCWTV,HLA-A*02:01,0.8,3,3,Positive,3.0,0.98108,0.23107
848,VMACLVPAA,HLA-A*02:01,0.125,6,0,Negative,3.0,0.98022,1e-05
849,GLHCDFACL,HLA-A*02:01,0.083333333,10,0,Negative,0.0,0.97558,0.08957
850,FLSNVGHYV,HLA-A*02:01,0.1,8,0,Negative,4.0,0.99987,0.03703
853,MLTTLILTL,HLA-A*02:01,0.333333333,4,1,Positive,6.0,0.99844,0.17946
854,LIPFLILFI,HLA-A*02:01,0.083333333,10,0,Negative,1.0,0.96503,0.28772
855,TVQEFIFSA,HLA-A*02:01,0.142857143,5,0,Negative,4.0,0.99569,0.30457
858,SGKQMWQAR,HLA-A*02:01,0.25,10,2,Positive,9.0,0.54,-0.22395
859,FLAVLSPTI,HLA-A*02:01,0.083333333,10,0,Negative,2.0,0.99904,-0.09897
860,LLMNGQQIF,HLA-A*02:01,0.083333333,10,0,Negative,3.0,0.96101,-0.15955
861,VLGDEVLSL,HLA-A*02:01,0.0625,14,0,Negative,6.0,0.99969,0.06366
862,FLLVIGACV,HLA-A*02:01,0.0625,14,0,Negative,6.0,0.99009,0.20096
864,YTALHYYYL,HLA-A*02:01,0.083333333,10,0,Negative,5.0,0.9867,0.02428
865,NLVPMVATV,HLA-A*02:01,0.75,10,8,Positive,3.0,0.99915,-0.0742
866,KCIDFYSRI,HLA-A*02:01,0.6,3,2,Positive,6.0,0.94448,0.06666
868,LLNLLLWPL,HLA-A*02:01,0.083333333,10,0,Negative,3.0,0.98602,0.14596
870,FILFFAYVM,HLA-A*02:01,0.083333333,10,0,Negative,2.0,0.89539,0.28603
874,WMTYTGGVM,HLA-A*02:01,0.125,6,0,Negative,6.0,0.7923,0.1313
877,PVVPNAPPA,HLA-A*02:01,0.058823529,15,0,Negative,3.0,0.81411,0.01693
880,ELLRPTTLV,HLA-A*02:01,0.222222222,7,1,Positive,2.0,0.98589,0.1005
883,IITCCLLSV,HLA-A*02:01,0.083333333,10,0,Negative,9.0,0.96691,-0.21061
887,LLYAHINAL,HLA-A*02:01,0.083333333,10,0,Negative,8.0,0.99947,0.21235
896,VLDKVEETV,HLA-A*02:01,0.117647059,15,1,Positive,3.0,0.99935,0.03183
898,IVAWFLLLI,HLA-A*02:01,0.083333333,10,0,Negative,4.0,0.96081,0.32331
901,ALDGLDLTV,HLA-A*02:01,0.833333333,4,4,Positive,3.0,0.99919,0.0647
903,YLLPAIVHI,HLA-A*02:01,0.1,8,0,Negative,5.0,0.99995,0.20236
906,FINFFNLLA,HLA-A*02:01,0.083333333,10,0,Negative,8.0,0.9693,0.20777
909,RLQPNVPLV,HLA-A*02:01,0.35,18,6,Positive,8.0,0.99985,-0.03204
913,SLVDQLPSL,HLA-A*02:01,0.083333333,10,0,Negative,3.0,0.99996,-0.19354
914,ALMGAVTSL,HLA-A*02:01,0.916666667,10,10,Positive,1.0,0.99982,-0.00984
916,QIFLEVQAI,HLA-A*02:01,0.166666667,10,1,Positive,2.0,0.9771,0.0883
917,LLYNCCYHV,HLA-A*02:01,0.619047619,19,12,Positive,3.0,0.99325,-0.09518
921,SLHEHIANL,HLA-A*02:01,0.071428571,12,0,Negative,5.0,0.99989,0.29727
923,SLAAGVKLL,HLA-A*02:01,0.083333333,10,0,Negative,5.0,0.99679,-0.06455
924,YIIFVYIPL,HLA-A*02:01,0.909090909,9,9,Positive,2.0,0.95656,0.30356
925,FIWFIFHFV,HLA-A*02:01,0.083333333,10,0,Negative,3.0,0.99217,0.5252
926,KTFAIIAIV,HLA-A*02:01,0.083333333,10,0,Negative,5.0,0.98886,0.44303
931,YIFTGPVPI,HLA-A*02:01,0.083333333,10,0,Negative,4.0,0.99853,0.12798
937,WILGFVFTL,HLA-A*02:01,0.857142857,5,5,Positive,2.0,0.99401,0.30484
940,LLTTSGVSA,HLA-A*02:01,0.125,6,0,Negative,6.0,0.96527,-0.13936
943,KINIFMAFL,HLA-A*02:01,0.083333333,10,0,Negative,8.0,0.96825,0.18194
944,ALKNNGKVV,HLA-A*02:01,0.125,6,0,Negative,6.0,0.94677,-0.20879
946,IISYIILFI,HLA-A*02:01,0.083333333,10,0,Negative,8.0,0.9844,0.2565
947,ILTLDIFYL,HLA-A*02:01,0.083333333,10,0,Negative,3.0,0.99831,0.24496
948,ILIEGIFFA,HLA-A*02:01,0.833333333,4,4,Positive,2.0,0.99975,0.46943
949,QLSEYQTSV,HLA-A*02:01,0.083333333,10,0,Negative,5.0,0.99966,-0.12949
951,LLNYILKSV,HLA-A*02:01,0.6,3,2,Positive,6.0,0.99636,-0.16532
952,LMIAHRVLL,HLA-A*02:01,0.083333333,10,0,Negative,0.0,0.98876,0.19115
953,HRHLPVADA,HLA-A*02:01,0.25,10,2,Positive,2.0,0.42727,0.07338
954,NMSQAEYLV,HLA-A*02:01,0.0625,14,0,Negative,9.0,0.98717,-0.04751
955,AVLVVMACL,HLA-A*02:01,0.125,6,0,Negative,9.0,0.94257,-0.08564
958,FLGGGGAGI,HLA-A*02:01,0.125,6,0,Negative,1.0,0.99386,0.16282
959,FVIVIYIFT,HLA-A*02:01,0.083333333,10,0,Negative,2.0,0.8443600000000001,0.39158
960,LLLVITCCV,HLA-A*02:01,0.083333333,10,0,Negative,9.0,0.97649,0.12708
962,FLGAGALAV,HLA-A*02:01,0.916666667,10,10,Positive,4.0,0.99831,0.1337
967,RAYSDLFFT,HLA-A*02:01,0.083333333,10,0,Negative,5.0,0.93709,0.01069
968,ILYIVFCII,HLA-A*02:01,0.083333333,10,0,Negative,7.0,0.87959,0.31538
971,ILLLIGICV,HLA-A*02:01,0.083333333,10,0,Negative,8.0,0.98267,0.22756
975,SLYNTISVL,HLA-A*02:01,0.6,3,2,Positive,3.0,0.99833,0.03987
977,SLKKNSRSL,HLA-A*02:01,0.157894737,17,2,Positive,2.0,0.97359,-0.50201
979,AMTAFFGEL,HLA-A*02:01,0.083333333,10,0,Negative,1.0,0.97467,0.36327
982,FLLTRILTI,HLA-A*02:01,0.875,6,6,Positive,7.0,0.99972,0.22446
983,LMLGEFLKL,HLA-A*02:01,0.714285714,5,4,Positive,8.0,0.99845,0.10284
984,FLYNVYPGA,HLA-A*02:01,0.083333333,10,0,Negative,7.0,0.99832,0.03945
985,STLDIMALI,HLA-A*02:01,0.083333333,10,0,Negative,2.0,0.99034,0.00956
986,QLPEEKQPL,HLA-A*02:01,0.058823529,15,0,Negative,6.0,0.98604,-0.11259
988,MMFGFHHSV,HLA-A*02:01,0.80952381,19,16,Positive,3.0,0.99969,0.14719
989,RVYEALYYV,HLA-A*02:01,0.25,6,1,Positive,5.0,0.99984,0.12193
991,SLILVSQYT,HLA-A*02:01,0.166666667,10,1,Positive,6.0,0.97893,-0.18341
994,VELRQYDPV,HLA-A*02:01,0.166666667,10,1,Positive,4.0,0.59875,-0.05556
996,FLLFIFKVA,HLA-A*02:01,0.333333333,7,2,Positive,5.0,0.97714,0.19612
1001,MIMYLVLGI,HLA-A*02:01,0.083333333,10,0,Negative,8.0,0.98004,-0.02222
1004,LLCPAGHAV,HLA-A*02:01,0.5,2,1,Positive,0.0,0.99396,0.0915
1005,FLVGQLFTF,HLA-A*02:01,0.057142857,33,1,Positive,6.0,0.99323,0.04574
1006,ALAEGDLLA,HLA-A*02:01,0.833333333,4,4,Positive,8.0,0.99597,0.15149
1007,FQANTPPAV,HLA-A*02:01,0.857142857,5,5,Positive,4.0,0.99888,0.04705
1008,SLSNLDFRL,HLA-A*02:01,0.625,6,4,Positive,9.0,0.99886,0.07891
1009,YIVKLLISA,HLA-A*02:01,0.083333333,10,0,Negative,5.0,0.99137,-0.20918
1011,GLREDLLSL,HLA-A*02:01,0.111111111,16,1,Positive,0.0,0.99883,0.02269
1013,TTERKTPRV,HLA-A*02:01,0.166666667,10,1,Positive,0.0,0.9074,-0.068
1017,LIMYSVIGV,HLA-A*02:01,0.083333333,10,0,Negative,7.0,0.99437,-0.05084
1018,PKNMIIKPG,HLA-A*02:01,0.166666667,10,1,Positive,0.0,0.0,-0.1124
1020,VADAVIHAS,HLA-A*02:01,0.166666667,10,1,Positive,0.0,0.8598300000000001,0.26221
1023,SLMSWSAIL,HLA-A*02:01,0.75,2,2,Positive,0.0,0.99682,-0.05272
1026,FLSIVVDHV,HLA-A*02:01,0.083333333,10,0,Negative,6.0,0.99913,0.1969
1028,SLLVIWILI,HLA-A*02:01,0.083333333,10,0,Negative,0.0,0.96383,0.48189
1029,HIFYQLANV,HLA-A*02:01,0.083333333,10,0,Negative,9.0,0.99432,-0.05972
1032,YLVAYQATV,HLA-A*02:01,0.076923077,11,0,Negative,3.0,0.99903,-0.00417
1034,CPSQEPMSI,HLA-A*02:01,0.166666667,10,1,Positive,6.0,0.772,-0.32806
1038,MLDDFSAGA,HLA-A*02:01,0.083333333,10,0,Negative,4.0,0.99459,0.04061
1040,NLIIHTAAL,HLA-A*02:01,0.083333333,10,0,Negative,9.0,0.99084,0.30104
1049,KLWAQCVQL,HLA-A*02:01,0.833333333,4,4,Positive,4.0,0.99939,-0.08512
1051,FVVPILLKA,HLA-A*02:01,0.95,18,18,Positive,7.0,0.99721,-0.01396
1053,LLWNGPMAV,HLA-A*02:01,0.666666667,1,1,Positive,1.0,0.99985,-0.03739
1054,ALIDVFHQY,HLA-A*02:01,0.545454545,9,5,Positive,3.0,0.99161,0.17554
1055,AVADHVAAV,HLA-A*02:01,0.7,8,6,Positive,3.0,0.99975,0.16126
1056,MIFISSFLL,HLA-A*02:01,0.083333333,10,0,Negative,0.0,0.98324,-0.05259
1057,YLEPGPVTA,HLA-A*02:01,0.666666667,1,1,Positive,4.0,0.99931,0.10142
1060,AMFTTMYNI,HLA-A*02:01,0.083333333,10,0,Negative,3.0,0.99442,-0.05734
1061,YLVIYLNRT,HLA-A*02:01,0.083333333,10,0,Negative,2.0,0.97817,0.15806
1066,RALSLAAVL,HLA-A*02:01,0.125,6,0,Negative,6.0,0.92695,-0.0869
1067,YMFFVIKNL,HLA-A*02:01,0.083333333,10,0,Negative,4.0,0.99535,0.1355
1068,PLIVGILLV,HLA-A*02:01,0.058823529,15,0,Negative,5.0,0.98107,0.22718
1072,TIMGVIFLI,HLA-A*02:01,0.083333333,10,0,Negative,9.0,0.99572,0.2349
1073,GMLGFVFTL,HLA-A*02:01,0.857142857,5,5,Positive,0.0,0.99946,0.30484
1076,IMPGQEAGL,HLA-A*02:01,0.916666667,10,10,Positive,4.0,0.98427,0.06477
1077,YLDKVRATV,HLA-A*02:01,0.125,14,1,Positive,7.0,0.99954,-0.06518
1079,QLYPEWTEA,HLA-A*02:01,0.058823529,15,0,Negative,1.0,0.99773,0.38491
1081,WLIGFDFDV,HLA-A*02:01,0.083333333,10,0,Negative,6.0,0.99408,0.32394
1082,SLYNTIAVL,HLA-A*02:01,0.4,3,1,Positive,0.0,0.99844,0.21251
1084,KLNDWDFVV,HLA-A*02:01,0.75,2,2,Positive,0.0,0.99979,0.37972
1085,LLLLDVAPL,HLA-A*02:01,0.8,3,3,Positive,8.0,0.99126,0.07224
1088,AMAGASTSA,HLA-A*02:01,0.181818182,9,1,Positive,8.0,0.98795,-0.13473
1091,GIEGFVFTL,HLA-A*02:01,0.333333333,4,1,Positive,9.0,0.99354,0.34094
1095,KLSYGIATV,HLA-A*02:01,0.916666667,10,10,Positive,2.0,0.99947,0.15656
1096,FVNHRFTLV,HLA-A*02:01,0.282051282,37,10,Positive,5.0,0.99491,0.21733
1097,RLKDYQHFV,HLA-A*02:01,0.083333333,10,0,Negative,9.0,0.99967,-0.06462
1099,ALPHIIDEV,HLA-A*02:01,0.666666667,1,1,Positive,7.0,0.99962,0.36105
1101,SMSSYDFST,HLA-A*02:01,0.083333333,10,0,Negative,6.0,0.97399,-0.20075
1102,AFLGERVTL,HLA-A*02:01,0.909090909,9,9,Positive,2.0,0.94983,0.23424
1106,NLVPVVATV,HLA-A*02:01,0.4,3,1,Positive,6.0,0.99968,0.137
1107,MLLHVGIPL,HLA-A*02:01,0.083333333,10,0,Negative,0.0,0.99373,0.20689
1111,MQVIGDQYV,HLA-A*02:01,0.083333333,10,0,Negative,2.0,0.96976,0.10128
1112,VMVELVAEL,HLA-A*02:01,0.857142857,5,5,Positive,8.0,0.99924,0.23373
1113,KIFNYNMGV,HLA-A*02:01,0.083333333,10,0,Negative,9.0,0.999,-0.1066
1116,GMANTTFHV,HLA-A*02:01,0.083333333,10,0,Negative,3.0,0.99904,0.19823
1117,IMFMLIFNV,HLA-A*02:01,0.083333333,10,0,Negative,0.0,0.99337,0.0708
1122,KLLWFLTGT,HLA-A*02:01,0.083333333,10,0,Negative,1.0,0.98674,0.37541
1123,SLLMWITQV,HLA-A*02:01,0.75,2,2,Positive,7.0,0.99974,0.12576
1125,VLEKGIPTL,HLA-A*02:01,0.75,6,5,Positive,0.0,0.99927,-0.0129
1126,AAERKHRHL,HLA-A*02:01,0.166666667,10,1,Positive,0.0,0.7929900000000001,-0.03239
1128,FLIAYQPLL,HLA-A*02:01,0.5,4,2,Positive,5.0,0.99973,-0.04591
1129,ILPVIFLSI,HLA-A*02:01,0.083333333,10,0,Negative,1.0,0.99324,0.17172
1130,FLAARLWRA,HLA-A*02:01,0.0625,14,0,Negative,9.0,0.99943,0.30921
1131,NLYIIILNM,HLA-A*02:01,0.083333333,10,0,Negative,3.0,0.97834,0.37446
1133,FTWPPWQAG,HLA-A*02:01,0.166666667,10,1,Positive,3.0,0.85021,0.18355
1134,SLKRTGHGV,HLA-A*02:01,0.125,6,0,Negative,1.0,0.97567,0.09888
1138,VLYPVIFIT,HLA-A*02:01,0.083333333,10,0,Negative,9.0,0.99464,0.32968
1140,KYQEFFWDA,HLA-A*02:01,0.181818182,9,1,Positive,7.0,0.8553400000000001,0.48725
1141,YLVSSLSEI,HLA-A*02:01,0.083333333,10,0,Negative,2.0,0.99903,-0.40573
1143,FIDTVSVYT,HLA-A*02:01,0.083333333,10,0,Negative,9.0,0.98513,-0.03659
1144,RMFPNAPYL,HLA-A*02:01,0.666666667,1,1,Positive,4.0,0.99979,0.04585
1145,FVLATGDFV,HLA-A*02:01,0.916666667,10,10,Positive,7.0,0.9875,0.19259
1146,DVAFTSHEH,HLA-A*02:01,0.166666667,10,1,Positive,8.0,0.6738900000000001,0.09837
1148,LNIDLLWSV,HLA-A*02:01,0.1,8,0,Negative,3.0,0.97644,0.13456
1149,YIIDWMVDI,HLA-A*02:01,0.083333333,10,0,Negative,3.0,0.99732,0.16372
1150,KVLSIMAFI,HLA-A*02:01,0.083333333,10,0,Negative,3.0,0.99337,-0.10435
1153,ILGFVFTLT,HLA-A*02:01,0.083333333,10,0,Negative,5.0,0.94904,0.30548
1155,VLTGYGLEI,HLA-A*02:01,0.083333333,10,0,Negative,3.0,0.9925,0.12414
1157,VLALYSPPL,HLA-A*02:01,0.083333333,10,0,Negative,9.0,0.99479,-0.17363
1158,GMDPRMCSL,HLA-A*02:01,0.083333333,10,0,Negative,2.0,0.99648,-0.26102
1159,TMFKIVYSL,HLA-A*02:01,0.083333333,10,0,Negative,5.0,0.99889,-0.11032
1160,RFIAQLLLL,HLA-A*02:01,0.909090909,9,9,Positive,3.0,0.95117,-0.05651
1166,FLLNKEMYL,HLA-A*02:01,0.75,10,8,Positive,1.0,0.99992,-0.27622
1168,NLVPPVATV,HLA-A*02:01,0.4,3,1,Positive,1.0,0.99959,0.086
1169,FLYNFWTNV,HLA-A*02:01,0.083333333,10,0,Negative,8.0,0.99932,0.34378
1171,FTNSQIFNI,HLA-A*02:01,0.083333333,10,0,Negative,5.0,0.99429,-0.06107
1173,CINGVCWTV,HLA-A*02:01,0.5,2,1,Positive,1.0,0.94618,0.23107
1175,TIFSTIIFV,HLA-A*02:01,0.083333333,10,0,Negative,8.0,0.99834,0.21533
1176,KTWGQYWQV,HLA-A*02:01,0.75,2,2,Positive,7.0,0.99903,0.10898
1179,RLENLIAQL,HLA-A*02:01,0.071428571,12,0,Negative,9.0,0.99828,0.10581
1181,VLYSYILFL,HLA-A*02:01,0.083333333,10,0,Negative,8.0,0.99928,0.01305
1182,GIETELATL,HLA-A*02:01,0.555555556,7,4,Positive,8.0,0.97355,0.21432
1183,KLLRRPFSL,HLA-A*02:01,0.083333333,10,0,Negative,3.0,0.99908,0.09058
1184,GLADVFAEL,HLA-A*02:01,0.0625,14,0,Negative,1.0,0.99979,0.27694
1185,RLVDFFPDI,HLA-A*02:01,0.083333333,10,0,Negative,4.0,0.99825,0.26352
1187,ILARNLVPM,HLA-A*02:01,0.083333333,10,0,Negative,5.0,0.98935,0.0764
1189,LMWYELSKI,HLA-A*02:01,0.0625,14,0,Negative,4.0,0.99265,-0.11038
1191,ILRGSVAHK,HLA-A*02:01,0.083333333,10,0,Negative,9.0,0.8758500000000001,-0.01942
1193,FMYSDFHFI,HLA-A*02:01,0.454545455,31,14,Positive,7.0,0.99972,0.05983
1194,YLFRCVDAV,HLA-A*02:01,0.083333333,10,0,Negative,8.0,0.99715,0.11802
1195,PFMRPHERN,HLA-A*02:01,0.166666667,10,1,Positive,3.0,0.0,0.12947
1197,NLNDNAIHL,HLA-A*02:01,0.181818182,9,1,Positive,0.0,0.99885,0.18197
1198,GTYAVNIHV,HLA-A*02:01,0.083333333,10,0,Negative,1.0,0.99373,0.2035
1204,PGKISHIML,HLA-A*02:01,0.25,10,2,Positive,2.0,0.42273,-0.05701
1205,QYDPVAALF,HLA-A*02:01,0.25,10,2,Positive,0.0,0.95536,0.09961
1206,YIIKNTFNV,HLA-A*02:01,0.083333333,10,0,Negative,1.0,0.99928,-0.04854
1207,KLQVFLIVL,HLA-A*02:01,0.1,8,0,Negative,4.0,0.99302,0.24394
1208,FTFTNVCSL,HLA-A*02:01,0.083333333,10,0,Negative,6.0,0.98439,-0.03254
1209,AAGIGILTV,HLA-A*02:01,0.833333333,4,4,Positive,7.0,0.97342,0.31652
1210,TLFPGDDDL,HLA-A*02:01,0.25,6,1,Positive,7.0,0.99176,0.1124
1213,NLVPIVATV,HLA-A*02:01,0.4,3,1,Positive,4.0,0.99971,0.2264
1216,MIYGLIACL,HLA-A*02:01,0.083333333,10,0,Negative,5.0,0.98933,0.1489
1217,KLLPEGYWV,HLA-A*02:01,0.3,8,2,Positive,5.0,0.99962,0.24094
1218,VLPAVVYST,HLA-A*02:01,0.083333333,10,0,Negative,3.0,0.98751,0.01505
1221,FIFHFVHSA,HLA-A*02:01,0.083333333,10,0,Negative,7.0,0.99896,0.15405
1222,QVILCPTSV,HLA-A*02:01,0.083333333,22,1,Positive,1.0,0.98016,-0.0948
1223,MLLALIAVL,HLA-A*02:01,0.038461538,50,1,Positive,1.0,0.99384,0.20739
1224,YLIKLIEPV,HLA-A*02:01,0.666666667,1,1,Positive,4.0,0.99936,0.0187
1231,SMAGNWAKV,HLA-A*02:01,0.125,6,0,Negative,7.0,0.99435,0.15603
1234,TLLANVTAV,HLA-A*02:01,0.666666667,4,3,Positive,2.0,0.99929,0.12395
1236,LLILCVTQV,HLA-A*02:01,0.045454545,42,1,Positive,2.0,0.99362,-0.01652
1239,RLWHYPCTI,HLA-A*02:01,0.228571429,33,7,Positive,7.0,0.99751,0.06759
1247,HLVDFQVTI,HLA-A*02:01,0.666666667,10,7,Positive,9.0,0.99956,0.0982
1248,YVSYHTVYI,HLA-A*02:01,0.083333333,10,0,Negative,9.0,0.99519,0.0433
1250,MALIGDSTV,HLA-A*02:01,0.125,6,0,Negative,9.0,0.91158,0.06726
1253,VMCGGSLYV,HLA-A*02:01,0.6,3,2,Positive,5.0,0.99584,-0.11765
1255,FVANFSMEL,HLA-A*02:01,0.166666667,10,1,Positive,9.0,0.9986,-0.12524
1259,VLQQSTYQL,HLA-A*02:01,0.066666667,13,0,Negative,9.0,0.99909,-0.34952
1260,VLQELNVTV,HLA-A*02:01,0.444444444,7,3,Positive,0.0,0.99984,0.10378
1262,YVHGDTYSL,HLA-A*02:01,0.083333333,10,0,Negative,6.0,0.99753,0.00296
1263,YLLFGIKCI,HLA-A*02:01,0.083333333,10,0,Negative,7.0,0.9948,0.05898
1264,FLFVIGALA,HLA-A*02:01,0.083333333,10,0,Negative,6.0,0.98575,0.26758
1267,AIATFAAPV,HLA-A*02:01,0.452380952,40,18,Positive,0.0,0.98934,0.22913
1268,YLYALYSPL,HLA-A*02:01,0.083333333,10,0,Negative,5.0,0.99324,-0.12221
1271,NLLEREFGA,HLA-A*02:01,0.444444444,7,3,Positive,5.0,0.9931,0.3604
1279,KLAEAIFKL,HLA-A*02:01,0.444444444,7,3,Positive,5.0,0.99997,0.24963
1281,KLIANNTRV,HLA-A*02:01,0.857142857,5,5,Positive,5.0,0.99865,0.13318
1282,MLMEVFPQL,HLA-A*02:01,0.083333333,10,0,Negative,9.0,0.99992,0.11711
1287,FANYKFTLV,HLA-A*02:01,0.239130435,44,10,Positive,3.0,0.98526,-0.07934
1288,FLLIRYITT,HLA-A*02:01,0.083333333,10,0,Negative,4.0,0.98694,0.31224
1290,VLNPYMPSV,HLA-A*02:01,0.045454545,42,1,Positive,6.0,0.99995,-0.28818
1293,NIADYNYKL,HLA-A*02:01,0.909090909,9,9,Positive,7.0,0.99648,-0.10379
1296,GILGFIFTL,HLA-A*02:01,0.857142857,5,5,Positive,3.0,0.99903,0.39126
1297,VVFEDVKGT,HLA-A*02:01,0.285714286,5,1,Positive,4.0,0.94668,0.03701
1298,KLYCSYEVA,HLA-A*02:01,0.125,6,0,Negative,1.0,0.9689,-0.11141
1299,FALLKFTYL,HLA-A*02:01,0.083333333,10,0,Negative,0.0,0.98389,-0.08396
1300,VTLPTGQCL,HLA-A*02:01,0.125,6,0,Negative,0.0,0.95709,-0.07432
1301,STHCSGPSV,HLA-A*02:01,0.125,6,0,Negative,3.0,0.93717,-0.27897
1304,CINGVWCTV,HLA-A*02:01,0.8,3,3,Positive,9.0,0.91465,0.25789
1305,SIFFYSSFV,HLA-A*02:01,0.083333333,10,0,Negative,4.0,0.99359,-0.07475
1306,DLMGYIPAV,HLA-A*02:01,0.150943396,51,7,Positive,6.0,0.99857,0.11228
1308,YLLDDVLYT,HLA-A*02:01,0.083333333,10,0,Negative,9.0,0.99956,0.06766
1310,ALVALVITI,HLA-A*02:01,0.083333333,10,0,Negative,0.0,0.99663,0.21583
1313,VMLEMLNYV,HLA-A*02:01,0.083333333,10,0,Negative,1.0,0.9995,-0.09191
1314,KLQQKEEQL,HLA-A*02:01,0.444444444,7,3,Positive,5.0,0.99791,-0.25309
1315,ALGGGATGV,HLA-A*02:01,0.833333333,4,4,Positive,6.0,0.99587,0.16749
1319,FLSHNFTLV,HLA-A*02:01,0.272727273,9,2,Positive,9.0,0.99966,0.10903
1321,ATYGVWPPV,HLA-A*02:01,0.083333333,10,0,Negative,5.0,0.99001,0.26577
1322,GLKRGPSTE,HLA-A*02:01,0.083333333,10,0,Negative,5.0,0.76945,-0.1123
1323,ILFTRFFYV,HLA-A*02:01,0.090909091,9,0,Negative,7.0,0.99949,0.3343
1324,VLVVMACLV,HLA-A*02:01,0.125,6,0,Negative,0.0,0.94443,-0.13121
1325,SLFNAVAVL,HLA-A*02:01,0.666666667,1,1,Positive,5.0,0.99815,0.16559
1326,SLWGIRWYI,HLA-A*02:01,0.083333333,10,0,Negative,9.0,0.999,0.4691
1327,FTLNHVLAL,HLA-A*02:01,0.083333333,10,0,Negative,2.0,0.99772,0.07375
1328,QDALPGPCI,HLA-A*02:01,0.25,10,2,Positive,8.0,0.7516700000000001,-0.01822
1330,KIDSTSFSV,HLA-A*02:01,0.111111111,7,0,Negative,2.0,0.99887,-0.27506
1335,FLSHDFTLV,HLA-A*02:01,0.171428571,33,5,Positive,7.0,0.9997,0.13693
1336,GLLAHIPAL,HLA-A*02:01,0.230769231,11,2,Positive,4.0,0.99986,0.20605
1337,ALLGRLYFI,HLA-A*02:01,0.117647059,15,1,Positive,3.0,0.99942,0.13574
1338,FLGGHVAVA,HLA-A*02:01,0.916666667,10,10,Positive,0.0,0.99729,0.1726
1339,YVVDDPCPI,HLA-A*02:01,0.75,10,8,Positive,8.0,0.98845,-0.0051
1340,FVGSYLVIV,HLA-A*02:01,0.666666667,1,1,Positive,9.0,0.99501,-0.05691
1344,YSEHPTFTS,HLA-A*02:01,0.166666667,10,1,Positive,7.0,0.7723099999999999,0.21227
1347,FIHGGILYA,HLA-A*02:01,0.083333333,10,0,Negative,3.0,0.99847,0.19136
1348,LAAVLVVMA,HLA-A*02:01,0.125,6,0,Negative,5.0,0.87725,0.01454
1349,FVDVIIIKV,HLA-A*02:01,0.083333333,10,0,Negative,5.0,0.99933,0.28994
1350,TLTISFFLI,HLA-A*02:01,0.083333333,10,0,Negative,9.0,0.97302,0.18794
1353,LMGDKSENV,HLA-A*02:01,0.4,3,1,Positive,1.0,0.99696,-0.25169
1356,ALVFISHGA,HLA-A*02:01,0.083333333,10,0,Negative,9.0,0.98554,0.15217
1357,YLSGANLNL,HLA-A*02:01,0.5,4,2,Positive,7.0,0.99939,-0.00073
1359,AQGDDDVWT,HLA-A*02:01,0.166666667,10,1,Positive,8.0,0.77723,0.24006
1360,MACLVPAAT,HLA-A*02:01,0.125,6,0,Negative,8.0,0.74268,0.05698
1361,LQTGIHVRV,HLA-A*02:01,0.083333333,10,0,Negative,0.0,0.98645,0.27183
1367,NLIKLAQKV,HLA-A*02:01,0.5,2,1,Positive,7.0,0.99705,-0.37153
1371,LQLYSLFSL,HLA-A*02:01,0.083333333,10,0,Negative,1.0,0.98439,-0.17672
1372,FVNYDFALV,HLA-A*02:01,0.194444444,34,6,Positive,4.0,0.99307,0.15252
1373,ALIRFLQQL,HLA-A*02:01,0.4,3,1,Positive,1.0,0.99971,0.0334
1375,LLFGHPVYV,HLA-A*02:01,0.666666667,1,1,Positive,6.0,0.99997,0.12584
1377,VLDTTLYAV,HLA-A*02:01,0.083333333,10,0,Negative,2.0,0.99959,0.09336
1384,STSRVPYDI,HLA-A*02:01,0.125,6,0,Negative,7.0,0.8652299999999999,0.03798
1389,SMDTLLFFL,HLA-A*02:01,0.083333333,10,0,Negative,6.0,0.99839,0.19222
1392,IMSSFEFQV,HLA-A*02:01,0.2,8,1,Positive,3.0,0.99937,0.0192
1396,HLGNVKYLV,HLA-A*02:01,0.105263158,17,1,Positive,4.0,0.99619,-0.16791
1398,TLLCLIPTV,HLA-A*02:01,0.038461538,50,1,Positive,1.0,0.99867,0.06995
1399,FLIVSLCPT,HLA-A*02:01,0.083333333,10,0,Negative,7.0,0.9748,-0.13878
1400,ALGIVSPRV,HLA-A*02:01,0.125,6,0,Negative,5.0,0.99786,0.05027
1404,RLPILLLLI,HLA-A*02:01,0.083333333,10,0,Negative,0.0,0.98773,0.09324
1405,LLVQRVTSV,HLA-A*02:01,0.083333333,10,0,Negative,2.0,0.99916,-0.0778
1406,LLGLILFVL,HLA-A*02:01,0.083333333,10,0,Negative,3.0,0.96019,0.24192
1408,ETDDYMFFV,HLA-A*02:01,0.083333333,10,0,Negative,6.0,0.98736,0.02782
1410,VLNETTNWL,HLA-A*02:01,0.333333333,7,2,Positive,5.0,0.99847,0.29695
1411,YIYYFFIRL,HLA-A*02:01,0.083333333,10,0,Negative,1.0,0.99077,0.36184
1412,ILSDENYLL,HLA-A*02:01,0.666666667,1,1,Positive,6.0,0.99976,0.05043
1417,GLQDCTMLV,HLA-A*02:01,0.114285714,33,3,Positive,1.0,0.99835,-0.18592
1418,LPLKMLNIP,HLA-A*02:01,0.166666667,10,1,Positive,0.0,0.39375,-0.32974
1419,NLVPWVATV,HLA-A*02:01,0.8,3,3,Positive,5.0,0.99968,0.3125
1422,KLQAAPYIV,HLA-A*02:01,0.083333333,10,0,Negative,7.0,0.99752,0.10407
1423,YMATTILEM,HLA-A*02:01,0.083333333,10,0,Negative,3.0,0.99847,0.26398
1425,SGNLLMNGQ,HLA-A*02:01,0.25,10,2,Positive,8.0,0.3,-0.17502
1427,KLDDKDPNF,HLA-A*02:01,0.5,8,4,Positive,8.0,0.99667,-0.17274
1429,QLLNSVLTL,HLA-A*02:01,0.666666667,1,1,Positive,9.0,0.99938,-0.11903
1430,STLIVTIYV,HLA-A*02:01,0.083333333,10,0,Negative,1.0,0.98482,0.31722
1432,KLGGYVSFV,HLA-A*02:01,0.2,8,1,Positive,7.0,0.9994,0.00914
1433,YLNKEIEEA,HLA-A*02:01,0.285714286,12,3,Positive,3.0,0.99948,0.14668
1434,MLNGIMYRL,HLA-A*02:01,0.083333333,10,0,Negative,8.0,0.99897,0.02342
1436,MMLRDRWSL,HLA-A*02:01,0.916666667,10,10,Positive,9.0,0.99397,0.20908
1437,RQIFIHYSV,HLA-A*02:01,0.083333333,10,0,Negative,9.0,0.99304,0.22127
1440,YTNWAIILL,HLA-A*02:01,0.083333333,10,0,Negative,6.0,0.98625,0.49001
1444,RLLPLLALL,HLA-A*02:01,0.666666667,1,1,Positive,7.0,0.99945,-0.00946
1445,FLSRLVLYA,HLA-A*02:01,0.083333333,10,0,Negative,3.0,0.99773,0.01492
1446,WIVQENNGA,HLA-A*02:01,0.125,6,0,Negative,1.0,0.83285,0.00259
1448,LIMIYFFII,HLA-A*02:01,0.083333333,10,0,Negative,1.0,0.88244,0.36008
1450,YLDEIIEQI,HLA-A*02:01,0.071428571,12,0,Negative,1.0,0.99998,0.37965
1452,FTSHEHFGL,HLA-A*02:01,0.083333333,10,0,Negative,3.0,0.9814,0.2254
1455,TLINGVWVV,HLA-A*02:01,0.230769231,11,2,Positive,4.0,0.99972,0.31961
1456,LILATMLVA,HLA-A*02:01,0.153846154,11,1,Positive,3.0,0.93903,-0.07697
1457,PWQAGILAR,HLA-A*02:01,0.333333333,10,3,Positive,2.0,0.3625,0.17355
1458,AVLEVLSAL,HLA-A*02:01,0.125,6,0,Negative,0.0,0.99839,0.01015
1459,HVIDYLIRI,HLA-A*02:01,0.083333333,10,0,Negative,9.0,0.99876,0.19404
1462,SILSSFFSL,HLA-A*02:01,0.083333333,10,0,Negative,9.0,0.99585,-0.21883
1463,YMFYKIFFV,HLA-A*02:01,0.083333333,10,0,Negative,3.0,0.99971,0.11676
1465,SIMSTESIT,HLA-A*02:01,0.058823529,15,0,Negative,8.0,0.8221299999999999,-0.15328
1468,ASGKQMWQA,HLA-A*02:01,0.166666667,10,1,Positive,3.0,0.91706,-0.36484
1469,GLIACLIFV,HLA-A*02:01,0.083333333,10,0,Negative,0.0,0.99367,0.20035
1470,KLVSISNFI,HLA-A*02:01,0.083333333,10,0,Negative,5.0,0.99591,-0.11626
1474,LLTEVETYV,HLA-A*02:01,0.083333333,10,0,Negative,7.0,0.99971,0.2784
1475,WQWEHIPPA,HLA-A*02:01,0.25,6,1,Positive,6.0,0.99699,0.31359
1476,TLLVDLLWL,HLA-A*02:01,0.181818182,9,1,Positive,7.0,0.99414,0.16916
1478,TLLCVLPAV,HLA-A*02:01,0.083333333,10,0,Negative,5.0,0.99811,-0.01459
1480,FMREYWFHV,HLA-A*02:01,0.083333333,10,0,Negative,2.0,0.99524,0.44016
1490,FIYFIKGFL,HLA-A*02:01,0.083333333,10,0,Negative,2.0,0.9621,0.1402
1492,RLLSPTTIV,HLA-A*02:01,0.125,6,0,Negative,5.0,0.99811,-0.03381
1493,VIDEILFKV,HLA-A*02:01,0.083333333,10,0,Negative,0.0,0.99984,0.19991
1494,ILKGKFQTA,HLA-A*02:01,0.083333333,10,0,Negative,9.0,0.99058,-0.21078
1495,SLVYVNGVV,HLA-A*02:01,0.125,6,0,Negative,3.0,0.95758,0.09651
1496,YAQDYDQYI,HLA-A*02:01,0.083333333,10,0,Negative,3.0,0.97981,-0.09792
1498,NLVPSVATV,HLA-A*02:01,0.4,3,1,Positive,8.0,0.99949,-0.0643
1499,PLQEVYPEA,HLA-A*02:01,0.058823529,15,0,Negative,1.0,0.98006,0.14901
1500,YVYALPLKM,HLA-A*02:01,0.166666667,10,1,Positive,6.0,0.99579,-0.11843
1504,ALGDILSSI,HLA-A*02:01,0.083333333,10,0,Negative,7.0,0.99955,-0.0838
1508,IMLDVAFTS,HLA-A*02:01,0.166666667,10,1,Positive,5.0,0.98355,0.21723
1509,FVYVNGKKI,HLA-A*02:01,0.125,6,0,Negative,5.0,0.94263,-0.24206
1511,VLLSVLQQL,HLA-A*02:01,0.5,6,3,Positive,6.0,0.99978,-0.30575
1512,FVDYNFSLV,HLA-A*02:01,0.137931034,27,3,Positive,4.0,0.99684,-0.03872
1517,GDDDVWTSG,HLA-A*02:01,0.166666667,10,1,Positive,2.0,0.2333299999999999,0.21433
1518,IGLITVLFL,HLA-A*02:01,0.125,14,1,Positive,9.0,0.88677,0.26602
1520,LMVESFIEV,HLA-A*02:01,0.083333333,10,0,Negative,6.0,0.99944,0.23407
1523,LILLLLIYL,HLA-A*02:01,0.083333333,10,0,Negative,1.0,0.96767,0.07416
1524,SIFGFQAEV,HLA-A*02:01,0.083333333,10,0,Negative,3.0,0.99939,0.16858
1525,LLTTPKFTV,HLA-A*02:01,0.916666667,10,10,Positive,4.0,0.99626,-0.04066
1527,FIYLLFASM,HLA-A*02:01,0.083333333,10,0,Negative,1.0,0.9413,0.0234
1528,YLDAYNMMI,HLA-A*02:01,0.916666667,10,10,Positive,2.0,0.99956,-0.21392
1529,KMMVHIYFV,HLA-A*02:01,0.083333333,10,0,Negative,6.0,0.99948,0.2066
1530,AVWTIIFIV,HLA-A*02:01,0.083333333,10,0,Negative,7.0,0.99126,0.5424
1531,LIVGIIFTA,HLA-A*02:01,0.083333333,10,0,Negative,9.0,0.98856,0.42386
1536,SAGRKRKSA,HLA-A*02:01,0.166666667,10,1,Positive,4.0,0.58429,-0.37686
1539,KLKKIKNSI,HLA-A*02:01,0.421052632,17,7,Positive,2.0,0.97077,-0.46252
1542,VLLFCIASL,HLA-A*02:01,0.083333333,10,0,Negative,0.0,0.98783,0.12334
1545,RLITVNPIV,HLA-A*02:01,0.444444444,7,3,Positive,0.0,0.99803,0.18477
1546,RLNEVAKNL,HLA-A*02:01,0.066666667,13,0,Negative,1.0,0.9977,-0.0101
1547,RMPTVLQCV,HLA-A*02:01,0.5,4,2,Positive,9.0,0.99563,-0.06404
1548,FANNEFTLV,HLA-A*02:01,0.243243243,35,8,Positive,5.0,0.98954,0.22537
1550,TLLYVLFEV,HLA-A*02:01,0.214285714,26,5,Positive,5.0,0.99842,0.17974
1557,FLIQSNSLL,HLA-A*02:01,0.083333333,10,0,Negative,1.0,0.99892,-0.38665
1558,IMAVGMVSI,HLA-A*02:01,0.444444444,7,3,Positive,9.0,0.99388,-0.13988
1559,AQLDAVLSA,HLA-A*02:01,0.083333333,10,0,Negative,7.0,0.99627,-0.01034
1563,YTMDGEYRL,HLA-A*02:01,0.1875,30,5,Positive,9.0,0.9989,0.11969
1564,KLLSHFYPA,HLA-A*02:01,0.083333333,10,0,Negative,2.0,0.99737,-0.03797
1569,VLTDFKTWL,HLA-A*02:01,0.125,6,0,Negative,4.0,0.99709,0.1081
1572,SVRDRLARL,HLA-A*02:01,0.6,3,2,Positive,9.0,0.96596,0.14234
1573,RMLASAGEL,HLA-A*02:01,0.071428571,12,0,Negative,2.0,0.97656,-0.0014
1575,LTLGEFLKL,HLA-A*02:01,0.0625,30,1,Positive,4.0,0.9834,0.10284
1579,SLFNAVATL,HLA-A*02:01,0.666666667,1,1,Positive,6.0,0.99929,0.16415
1582,FILHRLHEI,HLA-A*02:01,0.083333333,10,0,Negative,0.0,0.99924,0.15471
1585,DLILELLDL,HLA-A*02:01,0.333333333,7,2,Positive,8.0,0.94078,0.1227
1586,YIVRWEWVV,HLA-A*02:01,0.5,8,4,Positive,4.0,0.99191,0.58649
1589,AIMEKNIVL,HLA-A*02:01,0.666666667,1,1,Positive,8.0,0.99812,-0.0359
1591,GLLLGCFWV,HLA-A*02:01,0.083333333,10,0,Negative,1.0,0.98196,0.19571
1592,FANNKFTLV,HLA-A*02:01,0.142857143,26,3,Positive,4.0,0.9921,-0.08213
1594,ILFIMFMLI,HLA-A*02:01,0.083333333,10,0,Negative,7.0,0.95905,-0.04356
1595,VLLFLAFVV,HLA-A*02:01,0.4,3,1,Positive,8.0,0.98152,0.26315
1598,QEPMSIYVY,HLA-A*02:01,0.25,10,2,Positive,3.0,0.49333,-0.19512
1599,QMVSSVTFI,HLA-A*02:01,0.666666667,4,3,Positive,8.0,0.98518,-0.17415
1605,SLLYLILFL,HLA-A*02:01,0.083333333,10,0,Negative,9.0,0.99637,0.1662
1606,SANDPIFLL,HLA-A*02:01,0.058823529,15,0,Negative,2.0,0.99313,0.22702
1608,TKWTDIPYL,HLA-A*02:01,0.666666667,1,1,Positive,2.0,0.95151,0.24632
1609,ALDGVNLII,HLA-A*02:01,0.083333333,10,0,Negative,2.0,0.99513,0.14381
1610,MLDMYSVML,HLA-A*02:01,0.6,3,2,Positive,3.0,0.99821,-0.39659
1612,AAAWYLWEV,HLA-A*02:01,0.555555556,7,4,Positive,1.0,0.99528,0.46699
1613,CPKSIPGLS,HLA-A*02:01,0.166666667,10,1,Positive,7.0,0.2,-0.09519
1614,SMHFYGWSL,HLA-A*02:01,0.666666667,1,1,Positive,5.0,0.99193,0.24688
1617,FLGERVTLT,HLA-A*02:01,0.909090909,9,9,Positive,2.0,0.99663,0.22729
1618,FTGITLFLL,HLA-A*02:01,0.083333333,10,0,Negative,5.0,0.96388,0.2646
1620,YLATALLTL,HLA-A*02:01,0.428571429,5,2,Positive,4.0,0.99951,0.09274
1622,LLLGLWGTA,HLA-A*02:01,0.125,6,0,Negative,3.0,0.96127,0.27949
1624,YLDLTLTPI,HLA-A*02:01,0.083333333,10,0,Negative,6.0,0.99578,0.04968
1626,FLLVLESIL,HLA-A*02:01,0.5,4,2,Positive,5.0,0.9919,0.05953
1628,FTLIDIWFL,HLA-A*02:01,0.083333333,10,0,Negative,3.0,0.99237,0.53254
1629,TLAPQVEPL,HLA-A*02:01,0.444444444,7,3,Positive,8.0,0.99904,0.00562
1633,RLNELLAYV,HLA-A*02:01,0.916666667,10,10,Positive,2.0,0.99988,0.10827
1634,FTFSDVINI,HLA-A*02:01,0.083333333,10,0,Negative,7.0,0.99624,0.04053
1636,ALDEKLFLI,HLA-A*02:01,0.375,6,2,Positive,4.0,0.99989,-0.02017
1637,SLMSLSIEI,HLA-A*02:01,0.083333333,10,0,Negative,1.0,0.99941,-0.21918
1639,HSWEDIPYL,HLA-A*02:01,0.666666667,1,1,Positive,1.0,0.99709,0.30801
1641,DMWEHAFYL,HLA-A*02:01,0.3,8,2,Positive,3.0,0.99722,0.33762
1642,VMQGCLEST,HLA-A*02:01,0.136363636,20,2,Positive,9.0,0.95224,-0.0786
1643,QLDHGVLLV,HLA-A*02:01,0.125,6,0,Negative,5.0,0.99926,0.09577
1647,CINGVFWTV,HLA-A*02:01,0.6,3,2,Positive,0.0,0.9864,0.39202
1649,AIILVIFTV,HLA-A*02:01,0.083333333,10,0,Negative,5.0,0.99369,0.319
1651,LLIADNPQL,HLA-A*02:01,0.285714286,26,7,Positive,0.0,0.99956,0.02104
1652,LLSLLVIWI,HLA-A*02:01,0.083333333,10,0,Negative,7.0,0.96331,0.20494
1653,GVSGVINAL,HLA-A*02:01,0.538461538,11,6,Positive,5.0,0.99071,0.16328
1655,CQWGRLWQL,HLA-A*02:01,0.666666667,10,7,Positive,4.0,0.99568,0.26522
1658,GILGFVTTL,HLA-A*02:01,0.666666667,4,3,Positive,1.0,0.99878,0.2388
1659,SLLMWITQC,HLA-A*02:01,0.75,2,2,Positive,8.0,0.99101,0.12576
1660,LLYFKVFGI,HLA-A*02:01,0.083333333,10,0,Negative,8.0,0.99521,0.06406
1661,FIVLILLLL,HLA-A*02:01,0.083333333,10,0,Negative,8.0,0.96243,0.10556
1662,KLWESPQEI,HLA-A*02:01,0.333333333,7,2,Positive,3.0,0.99996,-0.03815
1664,YMFAIVEIV,HLA-A*02:01,0.083333333,10,0,Negative,5.0,0.9978,0.40809
1665,TLEDLLMGT,HLA-A*02:01,0.3,8,2,Positive,7.0,0.96757,-0.09482
1666,VIFVCVILI,HLA-A*02:01,0.083333333,10,0,Negative,7.0,0.94077,0.17174
1668,ILDSFDPLV,HLA-A*02:01,0.5,2,1,Positive,8.0,0.99947,-0.04023
1669,VLPFDIKKL,HLA-A*02:01,0.25,6,1,Positive,2.0,0.98885,-0.04692
1674,YLESFCEDV,HLA-A*02:01,0.083333333,10,0,Negative,2.0,0.96466,0.02674
1675,TLLDHIRTA,HLA-A*02:01,0.375,6,2,Positive,1.0,0.99957,0.24186
1678,ALIRILQQL,HLA-A*02:01,0.4,3,1,Positive,0.0,0.99972,0.049
1679,QLVWENFLA,HLA-A*02:01,0.083333333,10,0,Negative,4.0,0.978,0.42002
1684,SLENVAFNV,HLA-A*02:01,0.375,6,2,Positive,1.0,0.99643,0.19804
1685,YLSIYGFGV,HLA-A*02:01,0.083333333,10,0,Negative,6.0,0.99697,0.22712
1687,NLSDGFLLI,HLA-A*02:01,0.083333333,10,0,Negative,8.0,0.99776,0.09598
1690,FMYRGLLGL,HLA-A*02:01,0.083333333,10,0,Negative,8.0,0.99934,0.08388
1692,WLLWPVTLA,HLA-A*02:01,0.428571429,5,2,Positive,4.0,0.98749,0.27363
1698,HLMFYTLPI,HLA-A*02:01,0.083333333,10,0,Negative,1.0,0.99219,0.0779
1701,QLFKYVPSA,HLA-A*02:01,0.142857143,5,0,Negative,4.0,0.99915,-0.24976
1702,RAVWTIIFI,HLA-A*02:01,0.083333333,10,0,Negative,7.0,0.92908,0.58009
1703,RLVTVLPPT,HLA-A*02:01,0.083333333,10,0,Negative,3.0,0.98586,0.06638
1704,MMSCSSEAT,HLA-A*02:01,0.125,6,0,Negative,7.0,0.826,-0.31742
1706,QEFFWDAND,HLA-A*02:01,0.166666667,10,1,Positive,7.0,0.175,0.42162
1707,ALSPSTSKV,HLA-A*02:01,0.263157895,17,4,Positive,1.0,0.99936,-0.45504
1708,MLGIWFFTL,HLA-A*02:01,0.083333333,10,0,Negative,5.0,0.98136,0.5923
1709,AMDTISVFL,HLA-A*02:01,0.333333333,13,4,Positive,5.0,0.99924,0.12337
1710,TLARGFPFV,HLA-A*02:01,0.222222222,7,1,Positive,7.0,0.99927,0.26702
1711,SLVIVTTFV,HLA-A*02:01,0.3,8,2,Positive,1.0,0.99562,0.32522
1712,FIDSYLQKL,HLA-A*02:01,0.083333333,10,0,Negative,0.0,0.99957,-0.39707
1716,YLGPRVCWL,HLA-A*02:01,0.083333333,10,0,Negative,6.0,0.99656,0.17302
1719,FLHNYILYA,HLA-A*02:01,0.083333333,10,0,Negative,5.0,0.99959,0.11415
1720,FLPWHRLFL,HLA-A*02:01,0.666666667,1,1,Positive,0.0,0.99428,0.35855
1725,GILGFVYTL,HLA-A*02:01,0.857142857,5,5,Positive,0.0,0.99897,0.20292
1727,MISVLGPIS,HLA-A*02:01,0.166666667,10,1,Positive,6.0,0.6809999999999999,0.07734
1730,YVLEETSVM,HLA-A*02:01,0.1,18,1,Positive,3.0,0.9901,0.11569
1732,AIVDKNITL,HLA-A*02:01,0.666666667,1,1,Positive,3.0,0.99752,-0.04537
1733,ALQAIELQL,HLA-A*02:01,0.083333333,22,1,Positive,5.0,0.99901,0.14858
1734,GVLGFVFTL,HLA-A*02:01,0.857142857,5,5,Positive,7.0,0.99877,0.30484
1737,CMWGRLWQL,HLA-A*02:01,0.583333333,10,6,Positive,0.0,0.99673,0.26522
1739,STSAGRKRK,HLA-A*02:01,0.25,10,2,Positive,8.0,0.516,-0.08437
1742,YVPGYSITT,HLA-A*02:01,0.083333333,10,0,Negative,0.0,0.96797,0.00617
1743,FLYGALLLA,HLA-A*02:01,0.75,2,2,Positive,1.0,0.99912,0.04472
1745,MVNTVLITV,HLA-A*02:01,0.083333333,10,0,Negative,7.0,0.99739,0.20172
1748,SLFGGMSWI,HLA-A*02:01,0.222222222,7,1,Positive,0.0,0.99815,-0.0704
1752,YLFGGFSTL,HLA-A*02:01,0.083333333,10,0,Negative,1.0,0.99989,0.09836
1753,KLVGKTVKV,HLA-A*02:01,0.25,6,1,Positive,7.0,0.99979,-0.21712
1754,SRNSTHEMY,HLA-A*02:01,0.142857143,5,0,Negative,9.0,0.64846,-0.11842
1758,YLAKLTALV,HLA-A*02:01,0.142857143,5,0,Negative,9.0,0.99945,-0.15202
1759,RLYDYFTRV,HLA-A*02:01,0.083333333,10,0,Negative,9.0,0.99995,0.19072
1762,GLIMVLSFL,HLA-A*02:01,0.5,2,1,Positive,7.0,0.99051,-0.17496
1764,NMLSTVLGV,HLA-A*02:01,0.75,6,5,Positive,7.0,0.99774,-0.08297
1766,KLLEQWNLV,HLA-A*02:01,0.4,3,1,Positive,9.0,0.99947,0.18092
1767,LMNGQQIFL,HLA-A*02:01,0.25,10,2,Positive,7.0,0.99787,-0.00912
1768,ETVELRQYD,HLA-A*02:01,0.166666667,10,1,Positive,4.0,0.2333299999999999,0.05215
1769,LLFIQGYSI,HLA-A*02:01,0.083333333,10,0,Negative,4.0,0.9879,-0.00876
1770,FLFLTWICL,HLA-A*02:01,0.571428571,5,3,Positive,3.0,0.98422,0.35397
1773,YRIFAELEG,HLA-A*02:01,0.25,10,2,Positive,8.0,0.35625,0.34249
1774,MVICLLSFI,HLA-A*02:01,0.083333333,10,0,Negative,9.0,0.95638,-0.10351
1776,SLMNVHSNG,HLA-A*02:01,0.666666667,1,1,Positive,3.0,0.8556199999999999,-0.13626
1781,TLHEYMLDL,HLA-A*02:01,0.208333333,22,4,Positive,6.0,0.99707,-0.05405
1782,AIIGLCAYA,HLA-A*02:01,0.083333333,10,0,Negative,6.0,0.97698,0.04661
1783,VMLFILAGL,HLA-A*02:01,0.333333333,13,4,Positive,3.0,0.98504,0.28618
1784,LLFILFYFA,HLA-A*02:01,0.083333333,10,0,Negative,6.0,0.9462,0.3366
1786,GILGLVFTL,HLA-A*02:01,0.857142857,5,5,Positive,9.0,0.99849,0.18004
1788,SLYNTIATL,HLA-A*02:01,0.6,3,2,Positive,1.0,0.99929,0.21107
1789,NLIYRNLHL,HLA-A*02:01,0.857142857,5,5,Positive,6.0,0.99193,0.09333
1792,VLVHPQWVL,HLA-A*02:01,0.5,4,2,Positive,1.0,0.99474,0.13717
1794,VIGQCIYTI,HLA-A*02:01,0.5,4,2,Positive,5.0,0.97231,-0.01322
1797,KLSCAVHLI,HLA-A*02:01,0.083333333,10,0,Negative,3.0,0.99319,-0.01017
1798,YTIERIFNA,HLA-A*02:01,0.083333333,10,0,Negative,1.0,0.99895,0.41465
1799,YLAPQWEPV,HLA-A*02:01,0.333333333,7,2,Positive,7.0,0.99933,0.17527
1802,ILWFFNAMV,HLA-A*02:01,0.083333333,10,0,Negative,1.0,0.99352,0.22803
1804,SLYKGVYEL,HLA-A*02:01,0.75,2,2,Positive,5.0,0.99994,-0.09096
1805,LLWPLYVLL,HLA-A*02:01,0.083333333,10,0,Negative,0.0,0.99827,0.07482
1809,AINVEKIEL,HLA-A*02:01,0.25,6,1,Positive,7.0,0.97234,0.10476
1810,ALHYYYLCL,HLA-A*02:01,0.083333333,10,0,Negative,4.0,0.97899,-0.04116
1812,VLLQRLHLL,HLA-A*02:01,0.083333333,10,0,Negative,7.0,0.99927,-0.05938
1815,GLFGNLIAL,HLA-A*02:01,0.928571429,12,12,Positive,3.0,0.99974,0.19054
1816,SLYKGPIPV,HLA-A*02:01,0.083333333,10,0,Negative,6.0,0.99986,-0.0898
1818,AMASASTSA,HLA-A*02:01,0.083333333,10,0,Negative,7.0,0.9863,-0.3353
1819,VAANIVLTV,HLA-A*02:01,0.5,10,5,Positive,0.0,0.99442,0.18797
1821,ALIRWLQQL,HLA-A*02:01,0.8,3,3,Positive,8.0,0.99972,0.1351
1822,WAFSAIGNV,HLA-A*02:01,0.125,6,0,Negative,4.0,0.88259,0.05973
1823,MVWESGCTV,HLA-A*02:01,0.1,8,0,Negative,1.0,0.99501,0.02063
1824,LMIFISSFL,HLA-A*02:01,0.083333333,10,0,Negative,0.0,0.98453,0.06365
1825,TLDYKPLSV,HLA-A*02:01,0.625,6,4,Positive,2.0,0.99966,-0.32298
1827,ALSLAAVLV,HLA-A*02:01,0.125,6,0,Negative,4.0,0.99206,0.03843
1830,FLNFHTVGV,HLA-A*02:01,0.142857143,5,0,Negative,3.0,0.99958,0.23838
1831,RLANECAQV,HLA-A*02:01,0.4,3,1,Positive,2.0,0.99776,0.01828
1832,LMFLFSSNI,HLA-A*02:01,0.083333333,10,0,Negative,2.0,0.97671,-0.15829
1833,SLSAYIIRV,HLA-A*02:01,0.666666667,4,3,Positive,2.0,0.99984,0.24991
1834,KLVDSTDKA,HLA-A*02:01,0.071428571,12,0,Negative,8.0,0.99377,-0.19612
1835,VMNILLQYV,HLA-A*02:01,0.1,8,0,Negative,0.0,0.99634,0.01066
1836,SLTSINVQA,HLA-A*02:01,0.28125,30,8,Positive,4.0,0.9958,-0.0632
1837,NLDTSPFFV,HLA-A*02:01,0.111111111,7,0,Negative,1.0,0.99916,0.04192
1840,SLPGVFCGV,HLA-A*02:01,0.666666667,10,7,Positive,6.0,0.99735,0.1552
1841,GLTFKGPGA,HLA-A*02:01,0.125,6,0,Negative,6.0,0.94772,-0.03726
1843,LLMPTISLI,HLA-A*02:01,0.333333333,4,1,Positive,2.0,0.99877,-0.05118
1844,RLFSYNFTT,HLA-A*02:01,0.083333333,10,0,Negative,6.0,0.99638,-0.01668
1846,GIIYIIYKL,HLA-A*02:01,0.054945055,89,4,Positive,5.0,0.99274,0.16524
1847,NLLVTGFDT,HLA-A*02:01,0.833333333,4,4,Positive,1.0,0.8395,0.2194
1849,KLLLWFNYL,HLA-A*02:01,0.083333333,10,0,Negative,6.0,0.99667,0.30352
1855,FTDNVRFSV,HLA-A*02:01,0.133333333,13,1,Positive,8.0,0.995,0.09175
1858,YLEPGPVTV,HLA-A*02:01,0.954545455,42,41,Positive,3.0,0.99995,0.10142
1860,LLLDYMTST,HLA-A*02:01,0.083333333,10,0,Negative,3.0,0.99663,-0.21408
1863,ETFWAKHMW,HLA-A*02:01,0.666666667,1,1,Positive,5.0,0.7056,0.02069
1864,SSWEDVPYL,HLA-A*02:01,0.666666667,1,1,Positive,6.0,0.99764,0.22159
1868,ILSPLTKGI,HLA-A*02:01,0.083333333,10,0,Negative,5.0,0.99631,-0.20132
1869,YVLLHLLVV,HLA-A*02:01,0.083333333,10,0,Negative,2.0,0.994,0.02106
1870,KSLNYSGVK,HLA-A*02:01,0.076923077,11,0,Negative,6.0,0.5075,-0.11672
1871,LESFCEDVP,HLA-A*02:01,0.166666667,10,1,Positive,8.0,0.1,0.14869
1872,VIFDFLHCI,HLA-A*02:01,0.714285714,5,4,Positive,8.0,0.99856,0.15968
1874,FLLVTLAIL,HLA-A*02:01,0.4,3,1,Positive,4.0,0.99193,0.17608
1875,GILGVVFTL,HLA-A*02:01,0.857142857,5,5,Positive,8.0,0.9988,0.23104
1876,KMLNIPSIN,HLA-A*02:01,0.25,10,2,Positive,7.0,0.65857,0.04719
1878,AIHNVVHAI,HLA-A*02:01,0.066666667,13,0,Negative,7.0,0.99477,0.13321
1880,YALPLKMLN,HLA-A*02:01,0.166666667,10,1,Positive,4.0,0.595,-0.38324
1881,ALLAGLVSL,HLA-A*02:01,0.058823529,15,0,Negative,0.0,0.9998,-0.00349
1882,AAAGDKLSL,HLA-A*02:01,0.153846154,11,1,Positive,3.0,0.93319,-0.24062
1884,NLDDVYSYI,HLA-A*02:01,0.142857143,5,0,Negative,2.0,0.9986,-0.07554
1885,IIFAVQTIV,HLA-A*02:01,0.083333333,10,0,Negative,5.0,0.98893,0.11905
1887,MLNIPSINV,HLA-A*02:01,0.166666667,10,1,Positive,7.0,0.99632,0.07383
1891,AIHLYFLFV,HLA-A*02:01,0.083333333,10,0,Negative,8.0,0.98272,0.16498
1894,SLSPLQAEL,HLA-A*02:01,0.083333333,10,0,Negative,8.0,0.99958,-0.09318
1896,LAVDGVLSV,HLA-A*02:01,0.105263158,17,1,Positive,4.0,0.99363,0.00156
1898,LPVADAVIH,HLA-A*02:01,0.166666667,10,1,Positive,3.0,0.25,0.2238
1903,PMGKLTFFV,HLA-A*02:01,0.083333333,10,0,Negative,9.0,0.95179,-0.01306
1906,AAYPITGKL,HLA-A*02:01,0.666666667,40,27,Positive,6.0,0.96257,0.05638
1910,DLDVKKMPL,HLA-A*02:01,0.214285714,12,2,Positive,9.0,0.94493,-0.51894
1911,GILVLFGFF,HLA-A*02:01,0.285714286,5,1,Positive,7.0,0.60444,0.23434
1912,AMLHWSLIL,HLA-A*02:01,0.333333333,13,4,Positive,2.0,0.99407,0.15732
1913,FQSLTIFST,HLA-A*02:01,0.083333333,10,0,Negative,2.0,0.96661,0.10036
1914,NTASWFTAL,HLA-A*02:01,0.571428571,5,3,Positive,6.0,0.97084,0.22775
1916,YVVIAILTV,HLA-A*02:01,0.045454545,42,1,Positive,2.0,0.98999,0.32402
1920,VLATGVTLV,HLA-A*02:01,0.833333333,4,4,Positive,7.0,0.99938,0.1499
1922,TLFIGSHVV,HLA-A*02:01,0.2,8,1,Positive,9.0,0.9979,0.10061
1924,SLFNTVATV,HLA-A*02:01,0.4,3,1,Positive,4.0,0.99949,0.16385
1926,FAFRDLCIV,HLA-A*02:01,0.291666667,22,6,Positive,2.0,0.96009,0.1335
1927,DVSRPTAVV,HLA-A*02:01,0.208333333,22,4,Positive,7.0,0.87613,0.08126
1929,SLITSGLFI,HLA-A*02:01,0.083333333,10,0,Negative,5.0,0.99017,0.0121
1932,YMLAHVTGL,HLA-A*02:01,0.0625,14,0,Negative,1.0,0.99958,0.15869
1935,QLWQFLLEL,HLA-A*02:01,0.9,18,17,Positive,2.0,0.99918,0.10804
1936,LLSEIRFYI,HLA-A*02:01,0.083333333,10,0,Negative,0.0,0.99861,0.32201
1937,RLIGHISTL,HLA-A*02:01,0.333333333,7,2,Positive,2.0,0.9998,0.11714
1939,NLVPYVATV,HLA-A*02:01,0.6,3,2,Positive,4.0,0.99973,0.0932
1942,YLKKIQNSL,HLA-A*02:01,0.352941176,15,5,Positive,1.0,0.9985,-0.36856
1945,SIMAFILGI,HLA-A*02:01,0.083333333,10,0,Negative,3.0,0.99666,0.23209
1946,FLQMALLYI,HLA-A*02:01,0.083333333,10,0,Negative,9.0,0.99406,-0.19816
1947,HVLKAVFSR,HLA-A*02:01,0.166666667,10,1,Positive,8.0,0.8789199999999999,-0.1415
1949,LLSQYLSRV,HLA-A*02:01,0.083333333,10,0,Negative,8.0,0.99844,-0.29368
1951,LLADKFPVL,HLA-A*02:01,0.857142857,5,5,Positive,5.0,0.99971,-0.05002
1952,KLFSDISAI,HLA-A*02:01,0.5,2,1,Positive,0.0,0.99953,-0.09835
1953,ALAADPQSL,HLA-A*02:01,0.090909091,20,1,Positive,9.0,0.99883,-0.13119
1955,MMMKWIISI,HLA-A*02:01,0.083333333,10,0,Negative,8.0,0.99858,0.08264
1956,ILAIIFLVL,HLA-A*02:01,0.083333333,10,0,Negative,2.0,0.97723,0.40118
1957,ILQNRLVYV,HLA-A*02:01,0.083333333,10,0,Negative,0.0,0.99966,0.02853
1959,ALLMYNLLT,HLA-A*02:01,0.083333333,10,0,Negative,9.0,0.97057,-0.20583
1960,RMPVYILLT,HLA-A*02:01,0.083333333,10,0,Negative,8.0,0.96326,0.14378
1963,SLVENNFFT,HLA-A*02:01,0.083333333,10,0,Negative,2.0,0.99089,0.26896
1967,FLGRYIVKL,HLA-A*02:01,0.083333333,10,0,Negative,8.0,0.99947,0.0936
1971,TLAAGLLDL,HLA-A*02:01,0.142857143,5,0,Negative,1.0,0.99526,0.07823
1973,GLGTLGAAL,HLA-A*02:01,0.142857143,5,0,Negative,1.0,0.98804,0.12704
1974,LLYGYPVYV,HLA-A*02:01,0.666666667,1,1,Positive,6.0,0.99994,0.05154
1977,VALRHVVCA,HLA-A*02:01,0.166666667,10,1,Positive,9.0,0.91716,0.12218
1979,ALMAITKNV,HLA-A*02:01,0.083333333,10,0,Negative,2.0,0.99932,-0.03727
1980,FAELEGVWQ,HLA-A*02:01,0.25,10,2,Positive,3.0,0.275,0.315
1982,IVFVFILTA,HLA-A*02:01,0.083333333,10,0,Negative,8.0,0.97536,0.33214
1984,KLLRDSHVL,HLA-A*02:01,0.083333333,10,0,Negative,4.0,0.99789,-0.03423
1985,VIGDQYVKV,HLA-A*02:01,0.083333333,10,0,Negative,6.0,0.99675,-0.17412
1986,FLARLHAAA,HLA-A*02:01,0.125,6,0,Negative,4.0,0.99157,0.14031
1987,ILVIFTVAI,HLA-A*02:01,0.083333333,10,0,Negative,1.0,0.9766,0.35556
1989,NTNIIIFFL,HLA-A*02:01,0.083333333,10,0,Negative,3.0,0.95525,0.5539
1991,TLNDLETDV,HLA-A*02:01,0.375,14,5,Positive,3.0,0.99597,0.14939
1992,LLVIWILIV,HLA-A*02:01,0.083333333,10,0,Negative,0.0,0.95693,0.5567
1993,ILLLLISLV,HLA-A*02:01,0.083333333,10,0,Negative,7.0,0.99355,-0.04638
1994,VLIEGKCFV,HLA-A*02:01,0.833333333,4,4,Positive,3.0,0.99912,-0.00315
1995,LQLPQGTTL,HLA-A*02:01,0.090909091,9,0,Negative,2.0,0.98845,-0.04022
1996,FVFILTAIL,HLA-A*02:01,0.083333333,10,0,Negative,3.0,0.95822,0.30844
2004,GLSISGNLL,HLA-A*02:01,0.166666667,10,1,Positive,8.0,0.97317,-0.06092
2006,FLADLLHSV,HLA-A*02:01,0.75,2,2,Positive,8.0,0.99999,-0.05558
2008,EYRHTWDRH,HLA-A*02:01,0.166666667,10,1,Positive,9.0,0.1,0.34462
2010,YMTFGDIPL,HLA-A*02:01,0.083333333,10,0,Negative,9.0,0.99417,0.29012
2011,FVFPTKDVA,HLA-A*02:01,0.166666667,10,1,Positive,1.0,0.96497,-0.09552
2012,SMINGVVKL,HLA-A*02:01,0.5,2,1,Positive,4.0,0.99979,0.01739
2014,KVVSLVILA,HLA-A*02:01,0.125,6,0,Negative,0.0,0.98163,-0.01917
2016,RIIYIIRFL,HLA-A*02:01,0.375,6,2,Positive,7.0,0.97815,0.40644
2017,FLFYPSMFT,HLA-A*02:01,0.083333333,10,0,Negative,1.0,0.99153,-0.21205
2018,PLFGYPVYV,HLA-A*02:01,0.666666667,1,1,Positive,7.0,0.99832,0.09074
2020,AALFFFDID,HLA-A*02:01,0.25,10,2,Positive,9.0,0.125,0.43488
2021,CLGGLLTMV,HLA-A*02:01,0.5,2,1,Positive,6.0,0.99369,-0.04598
2022,ALYDVVSTL,HLA-A*02:01,0.076923077,11,0,Negative,1.0,0.99991,-0.01676
2023,YLPEVISTI,HLA-A*02:01,0.25,6,1,Positive,9.0,0.99992,0.14569
2024,FLLRSIIVA,HLA-A*02:01,0.083333333,10,0,Negative,9.0,0.99765,0.1491
2025,FLNISWFYI,HLA-A*02:01,0.4,3,1,Positive,2.0,0.99284,0.27587
2028,SIYVYALPL,HLA-A*02:01,0.25,10,2,Positive,6.0,0.9698,0.05773
2029,VLLHAVYSI,HLA-A*02:01,0.083333333,10,0,Negative,9.0,0.9984,0.00613
2030,MLMFIFTGI,HLA-A*02:01,0.083333333,10,0,Negative,1.0,0.98955,0.35316
2032,FLSRVFFCV,HLA-A*02:01,0.083333333,10,0,Negative,2.0,0.99568,0.21608
2033,SLYDLDIEA,HLA-A*02:01,0.8,3,3,Positive,8.0,0.99941,0.20202
2034,YVFTLLVPL,HLA-A*02:01,0.75,14,11,Positive,7.0,0.99264,0.08418
2035,FVNEFYAYL,HLA-A*02:01,0.4,3,1,Positive,6.0,0.99864,0.24003
2036,ALIRMLQQL,HLA-A*02:01,0.4,3,1,Positive,9.0,0.99932,-0.2516
2037,ALLGLTLGV,HLA-A*02:01,0.916666667,10,10,Positive,4.0,0.99952,0.06668
2043,LLQRGPQYS,HLA-A*02:01,0.166666667,10,1,Positive,2.0,0.91198,-0.06288
2045,KALETDVPA,HLA-A*02:01,0.125,6,0,Negative,8.0,0.9302,0.18419
2046,GKISHIMLD,HLA-A*02:01,0.166666667,10,1,Positive,3.0,0.125,-0.12117
2047,RMATKPPVI,HLA-A*02:01,0.0625,14,0,Negative,7.0,0.99138,-0.15392
2048,FIYSIMETI,HLA-A*02:01,0.083333333,10,0,Negative,0.0,0.99723,-0.09619
2049,FLTGTFVTA,HLA-A*02:01,0.083333333,10,0,Negative,9.0,0.99804,0.25222
2050,SLFNTIATL,HLA-A*02:01,0.6,3,2,Positive,0.0,0.99925,0.25027
2051,IIISIFLQV,HLA-A*02:01,0.083333333,10,0,Negative,3.0,0.99765,0.03949
2053,RQYDPVAAL,HLA-A*02:01,0.333333333,10,3,Positive,6.0,0.99912,0.10506
2054,ALATFTVNI,HLA-A*02:01,0.083333333,10,0,Negative,6.0,0.99919,0.23336
2055,SMWALIISV,HLA-A*02:01,0.916666667,10,10,Positive,3.0,0.9994,0.24141
2056,YLDGQLARL,HLA-A*02:01,0.25,6,1,Positive,9.0,0.9999,-0.01868
2057,SMLSIFNIV,HLA-A*02:01,0.083333333,10,0,Negative,1.0,0.99397,0.14203
2061,AAQPKRRRH,HLA-A*02:01,0.166666667,10,1,Positive,8.0,0.56714,-0.13612
2063,SLGGLLTMA,HLA-A*02:01,0.2,8,1,Positive,8.0,0.99533,-0.04598
2064,ALWIPDLFM,HLA-A*02:01,0.083333333,10,0,Negative,4.0,0.99238,0.27494
2068,LLDEPSSGL,HLA-A*02:01,0.5,4,2,Positive,9.0,0.9997,-0.1784
2072,SMVGNWAKV,HLA-A*02:01,0.125,6,0,Negative,4.0,0.98961,0.15673
2073,LLLSNLAIV,HLA-A*02:01,0.083333333,10,0,Negative,6.0,0.99653,-0.07603
2075,LLFGYPVYV,HLA-A*02:01,0.666666667,1,1,Positive,5.0,0.99992,0.09074
2076,TLYAVATTI,HLA-A*02:01,0.75,6,5,Positive,7.0,0.99446,0.17064
2078,SLFWNEPAI,HLA-A*02:01,0.75,2,2,Positive,0.0,0.99629,0.36234
2080,GMAELMAGL,HLA-A*02:01,0.083333333,10,0,Negative,4.0,0.99839,-0.00983
2081,FAAELTIGV,HLA-A*02:01,0.083333333,10,0,Negative,6.0,0.99758,0.27131
2083,EDTDEDSDN,HLA-A*02:01,0.166666667,10,1,Positive,4.0,0.0,0.02664
2084,VLNGTVHPV,HLA-A*02:01,0.666666667,1,1,Positive,4.0,0.99941,0.12948
2086,FLLLADARV,HLA-A*02:01,0.083333333,10,0,Negative,3.0,0.99741,0.10748
2090,MENTRATKM,HLA-A*02:01,0.166666667,10,1,Positive,4.0,0.6940899999999999,0.03095
2094,GLCTLVAML,HLA-A*02:01,0.285714286,5,1,Positive,8.0,0.99173,-0.01996
2096,IIIFFIVLI,HLA-A*02:01,0.083333333,10,0,Negative,8.0,0.96243,0.42864
2097,AIVFVFILT,HLA-A*02:01,0.083333333,10,0,Negative,1.0,0.85452,0.38744
2099,IVGILLVLM,HLA-A*02:01,0.058823529,15,0,Negative,7.0,0.88744,0.15204
2101,RLLQTGIHV,HLA-A*02:01,0.083333333,10,0,Negative,6.0,0.99883,0.08076
2102,TPRVTGGGA,HLA-A*02:01,0.25,10,2,Positive,6.0,0.2875,0.17644
2103,VVAASIIGI,HLA-A*02:01,0.083333333,10,0,Negative,6.0,0.98812,0.14837
2104,TVLCPKNMI,HLA-A*02:01,0.166666667,10,1,Positive,6.0,0.8813,-0.37971
2105,YLMDKLNLT,HLA-A*02:01,0.083333333,10,0,Negative,4.0,0.99938,-0.26706
2108,TIIFVLISI,HLA-A*02:01,0.083333333,10,0,Negative,6.0,0.97621,0.20642
2110,FMYIESIKV,HLA-A*02:01,0.083333333,10,0,Negative,9.0,0.99966,0.06081
2112,ITPWNFEEV,HLA-A*02:01,0.071428571,12,0,Negative,7.0,0.97249,0.46619
2113,RLFDLPVYC,HLA-A*02:01,0.428571429,12,5,Positive,8.0,0.99949,0.07176
2118,IILWFFNAM,HLA-A*02:01,0.083333333,10,0,Negative,0.0,0.89669,0.46089
2119,MLYQLLEAV,HLA-A*02:01,0.083333333,10,0,Negative,4.0,0.99892,-0.03164
2120,LLDVAPLSL,HLA-A*02:01,0.8,3,3,Positive,7.0,0.99912,-0.02962
2121,YLFKMIPLL,HLA-A*02:01,0.083333333,10,0,Negative,0.0,0.99975,-0.24056
2128,RLDKVEAEV,HLA-A*02:01,0.4,3,1,Positive,0.0,0.9991,0.01617
2129,SALILRGSV,HLA-A*02:01,0.083333333,10,0,Negative,3.0,0.80078,0.10018
2130,GLLDRLYDL,HLA-A*02:01,0.083333333,10,0,Negative,3.0,0.99957,0.06852
2131,KLKKIKNSL,HLA-A*02:01,0.263157895,17,4,Positive,1.0,0.98485,-0.46252
2133,GLPRYVARL,HLA-A*02:01,0.555555556,7,4,Positive,3.0,0.99499,0.147
2136,FMPKVNFEV,HLA-A*02:01,0.2,8,1,Positive,3.0,0.99948,-0.02919
2137,SQFTCSLAV,HLA-A*02:01,0.083333333,10,0,Negative,6.0,0.99074,-0.11767
2141,TLQDVSLEV,HLA-A*02:01,0.25,22,5,Positive,2.0,0.99978,-0.08167
2143,VLQWASLAV,HLA-A*02:01,0.1,8,0,Negative,8.0,0.9912,0.08116
2145,CLTEYILWV,HLA-A*02:01,0.625,6,4,Positive,2.0,0.993,0.35509
2149,VLISPVSIL,HLA-A*02:01,0.375,6,2,Positive,2.0,0.99478,-0.15707
2154,YLKKIKNSL,HLA-A*02:01,0.588235294,15,9,Positive,2.0,0.99502,-0.46252
2156,SLSHYFTLV,HLA-A*02:01,0.315789474,17,5,Positive,5.0,0.99909,0.11173
2160,MINAYLDKL,HLA-A*02:01,0.157894737,17,2,Positive,7.0,0.98027,-0.08405
2161,TLANFLCLL,HLA-A*02:01,0.083333333,10,0,Negative,4.0,0.99529,0.05777
2162,FITIFNISI,HLA-A*02:01,0.083333333,10,0,Negative,5.0,0.98087,0.27009
2165,SIDQLCKTF,HLA-A*02:01,0.173913043,21,3,Positive,5.0,0.92748,-0.33023
2168,IVIEAIHTV,HLA-A*02:01,0.375,6,2,Positive,5.0,0.99993,0.35731
2169,QLLQHYREV,HLA-A*02:01,0.111111111,16,1,Positive,8.0,0.99512,0.01004
2171,GIWGFVFTL,HLA-A*02:01,0.857142857,5,5,Positive,4.0,0.99842,0.38034
2172,FIADIGIGV,HLA-A*02:01,0.083333333,10,0,Negative,4.0,0.99959,0.32864
2174,HLIKIPLLI,HLA-A*02:01,0.083333333,10,0,Negative,3.0,0.99779,-0.07048
2176,FANSKFTLV,HLA-A*02:01,0.125,6,0,Negative,6.0,0.99333,-0.24209
2177,IIFWFSLEL,HLA-A*02:01,0.666666667,10,7,Positive,4.0,0.9927,0.2683
2180,WIIKNSWTA,HLA-A*02:01,0.125,6,0,Negative,3.0,0.98059,-0.12621
2181,FANYNFTLV,HLA-A*02:01,0.151515152,31,4,Positive,2.0,0.98519,0.12436
2184,PLDCVLYRY,HLA-A*02:01,0.058823529,15,0,Negative,8.0,0.77354,0.00983
2185,MTSCVSEQL,HLA-A*02:01,0.125,6,0,Negative,4.0,0.94285,-0.20666
2187,KLFNVTLNA,HLA-A*02:01,0.083333333,10,0,Negative,1.0,0.999,0.09509
2188,YAFSGVAYA,HLA-A*02:01,0.083333333,10,0,Negative,5.0,0.99348,-0.02575
2190,ALYIPPYEL,HLA-A*02:01,0.833333333,4,4,Positive,9.0,0.99952,0.16686
2191,CINGVCWTA,HLA-A*02:01,0.8,3,3,Positive,2.0,0.91265,0.23107
2194,LMDSIFVST,HLA-A*02:01,0.083333333,10,0,Negative,7.0,0.98796,0.01871
2196,ELEGVWQPA,HLA-A*02:01,0.333333333,10,3,Positive,5.0,0.88184,0.21107
2197,YLPAIVREA,HLA-A*02:01,0.666666667,7,5,Positive,0.0,0.9985,0.30641
2202,PLKMLNIPS,HLA-A*02:01,0.166666667,10,1,Positive,4.0,0.54167,-0.15775
2204,YQLAVFMLM,HLA-A*02:01,0.083333333,10,0,Negative,0.0,0.98646,0.03149
2205,LVPMVATVQ,HLA-A*02:01,0.333333333,10,3,Positive,7.0,0.536,-0.04639
2206,QLIPCMDVV,HLA-A*02:01,0.066666667,13,0,Negative,5.0,0.99055,-0.14292
2207,LLMGTLGIV,HLA-A*02:01,0.25,22,5,Positive,9.0,0.9903,0.11082
2208,TTWEDVPYL,HLA-A*02:01,0.666666667,1,1,Positive,9.0,0.99896,0.22159
2209,TMYGGISLL,HLA-A*02:01,0.214285714,12,2,Positive,2.0,0.99925,0.04508
2210,FISSFLLPL,HLA-A*02:01,0.083333333,10,0,Negative,6.0,0.99505,-0.13245
2211,LITWLIDYV,HLA-A*02:01,0.083333333,10,0,Negative,0.0,0.97681,0.36653
2212,ALFHEVAKL,HLA-A*02:01,0.666666667,19,13,Positive,9.0,0.99959,0.11393
2213,NLVPFVATV,HLA-A*02:01,0.4,3,1,Positive,7.0,0.9997,0.2108
2214,FLLSLGIHL,HLA-A*02:01,0.363636364,31,11,Positive,8.0,0.99954,-0.01775
2215,ALWMRLLPL,HLA-A*02:01,0.333333333,10,3,Positive,3.0,0.99471,-0.08068
2217,ISGHVLKAV,HLA-A*02:01,0.25,10,2,Positive,7.0,0.92396,-0.08583
2219,RLPRIFCSC,HLA-A*02:01,0.058823529,15,0,Negative,9.0,0.95908,0.14612
2220,SRGDTPVLP,HLA-A*02:01,0.166666667,10,1,Positive,0.0,0.57333,0.08904
2221,MMIDDFGTA,HLA-A*02:01,0.083333333,10,0,Negative,2.0,0.99301,0.2486
2222,ALFKYDINI,HLA-A*02:01,0.083333333,10,0,Negative,8.0,0.99894,-0.05318
2223,NLIALSLGL,HLA-A*02:01,0.928571429,12,12,Positive,0.0,0.99485,-0.07352
2225,ALYDVVSKL,HLA-A*02:01,0.666666667,1,1,Positive,2.0,0.99992,-0.16544
2230,SLNQTVHSL,HLA-A*02:01,0.666666667,1,1,Positive,8.0,0.99972,-0.11136
2232,TMLEDHEFV,HLA-A*02:01,0.916666667,10,10,Positive,3.0,0.99885,0.3021
2234,ILNDEQLNL,HLA-A*02:01,0.375,6,2,Positive,2.0,0.99975,-0.00446
2238,SLVNGVVRL,HLA-A*02:01,0.444444444,7,3,Positive,0.0,0.99958,0.14383
2239,NLLIRCLRC,HLA-A*02:01,0.8,3,3,Positive,4.0,0.90325,0.15085
2241,ILTAILFFM,HLA-A*02:01,0.083333333,10,0,Negative,1.0,0.99024,0.33833
2242,ILSDDMLNI,HLA-A*02:01,0.083333333,10,0,Negative,7.0,0.99936,-0.18822
2243,KVVDELVKV,HLA-A*02:01,0.071428571,12,0,Negative,1.0,0.99978,0.03162
2244,LLGLWGTAA,HLA-A*02:01,0.125,6,0,Negative,2.0,0.96218,0.30306
2245,FVDTMSIYI,HLA-A*02:01,0.142857143,5,0,Negative,6.0,0.99593,-0.17031
2247,LLYILRYIV,HLA-A*02:01,0.083333333,10,0,Negative,4.0,0.95835,0.24528
2249,GVQGGFVSA,HLA-A*02:01,0.125,6,0,Negative,6.0,0.98308,0.07788
2250,TLLYATVEV,HLA-A*02:01,0.125,6,0,Negative,6.0,0.9989,0.16066
2252,LLLVAHYAI,HLA-A*02:01,0.045454545,42,1,Positive,5.0,0.97686,0.12623
2253,YLFRIVSTV,HLA-A*02:01,0.083333333,10,0,Negative,7.0,0.99966,0.1416
2255,IMDTDQRFV,HLA-A*02:01,0.083333333,10,0,Negative,7.0,0.99632,0.0709
2256,YVLDHLIVV,HLA-A*02:01,0.75,2,2,Positive,4.0,0.99988,0.17622
2262,ILLVLMAVV,HLA-A*02:01,0.058823529,15,0,Negative,4.0,0.97991,-0.08102
2266,FLIDLAFLI,HLA-A*02:01,0.083333333,10,0,Negative,3.0,0.99944,0.18387
2267,LLLGTLNIV,HLA-A*02:01,0.304347826,21,6,Positive,0.0,0.99653,0.13016
2271,VLMFLLFYV,HLA-A*02:01,0.083333333,10,0,Negative,4.0,0.99464,0.1362
2272,VIHDYICWL,HLA-A*02:01,0.083333333,10,0,Negative,4.0,0.98653,0.23842
2273,FANHDFTLV,HLA-A*02:01,0.166666667,28,4,Positive,8.0,0.98995,0.18853
2274,FLSLMSLSI,HLA-A*02:01,0.083333333,10,0,Negative,5.0,0.99443,-0.49761
2276,SLYNTVAVL,HLA-A*02:01,0.4,3,1,Positive,8.0,0.99815,0.12609
2277,QLLDQVEQI,HLA-A*02:01,0.285714286,12,3,Positive,1.0,0.99975,-0.0384
2279,LLLPYTINL,HLA-A*02:01,0.083333333,10,0,Negative,7.0,0.99985,0.12672
2281,HQMSSCFLL,HLA-A*02:01,0.083333333,10,0,Negative,3.0,0.98624,-0.343
2282,LLAVLYCLL,HLA-A*02:01,0.666666667,1,1,Positive,1.0,0.95506,-0.01202
2283,CLEASFNYL,HLA-A*02:01,0.166666667,10,1,Positive,8.0,0.97241,0.01335
2285,SLYNTVAIF,HLA-A*02:01,0.4,3,1,Positive,1.0,0.97956,0.17973
2286,ALIKKYPKL,HLA-A*02:01,0.071428571,12,0,Negative,2.0,0.99903,-0.52264
2287,GTLGIVCPI,HLA-A*02:01,0.166666667,22,3,Positive,3.0,0.96814,0.14698
2288,FLFVNSQCL,HLA-A*02:01,0.083333333,10,0,Negative,5.0,0.99734,-0.21175
2290,ILHTNMPNV,HLA-A*02:01,0.266666667,28,7,Positive,3.0,0.9993,-0.13518
2291,KMHDVIAPA,HLA-A*02:01,0.083333333,10,0,Negative,8.0,0.99834,0.22484
2299,TLLGLILFV,HLA-A*02:01,0.083333333,10,0,Negative,3.0,0.99914,0.20402
2300,KTIIALLFA,HLA-A*02:01,0.083333333,10,0,Negative,2.0,0.93415,0.26382
2303,RLVCTLLNA,HLA-A*02:01,0.083333333,10,0,Negative,5.0,0.97592,-0.02663
2304,KLITFLFVI,HLA-A*02:01,0.083333333,10,0,Negative,3.0,0.99587,0.30874
2305,TFTSQYRIQ,HLA-A*02:01,0.333333333,10,3,Positive,2.0,0.15,-0.14871
2306,HELVCSMEN,HLA-A*02:01,0.166666667,10,1,Positive,2.0,0.1,-0.25999
2311,ILVGYMSNL,HLA-A*02:01,0.083333333,10,0,Negative,2.0,0.99633,-0.2648
2314,ALLALLIYA,HLA-A*02:01,0.666666667,1,1,Positive,5.0,0.99525,0.12469
2315,YILCNMALL,HLA-A*02:01,0.083333333,10,0,Negative,9.0,0.98465,-0.20291
2316,CLGGLLTMN,HLA-A*02:01,0.222222222,16,3,Positive,7.0,0.52,-0.04598
2317,GILGFVFTL,HLA-A*02:01,0.428571429,5,2,Positive,2.0,0.99886,0.30484
2319,FTSAVLLLV,HLA-A*02:01,0.125,6,0,Negative,5.0,0.99504,-0.00041
2321,GLCPHCINV,HLA-A*02:01,0.666666667,1,1,Positive,0.0,0.99665,0.06063
2322,SLFNTVAVL,HLA-A*02:01,0.6,3,2,Positive,7.0,0.99788,0.16529
2323,LLCPKSIPG,HLA-A*02:01,0.166666667,10,1,Positive,8.0,0.8203199999999999,-0.28855
2325,ALVLEIFTL,HLA-A*02:01,0.111111111,16,1,Positive,8.0,0.99844,0.3465
2328,FLPVYFGSV,HLA-A*02:01,0.083333333,10,0,Negative,1.0,0.99446,0.07648
2329,FLAVGGVLL,HLA-A*02:01,0.111111111,7,0,Negative,3.0,0.99836,0.1475
2330,FLAFVVFLL,HLA-A*02:01,0.833333333,10,9,Positive,7.0,0.99585,0.30188
2333,MLAAQMFIV,HLA-A*02:01,0.333333333,10,3,Positive,9.0,0.99609,-0.04947
2336,KLLKMVTSV,HLA-A*02:01,0.083333333,10,0,Negative,7.0,0.99985,-0.41664
2337,YINVFAFPF,HLA-A*02:01,0.833333333,10,9,Positive,7.0,0.82568,0.28259
2338,TLIDIWFLA,HLA-A*02:01,0.083333333,10,0,Negative,5.0,0.99666,0.49595
2340,VTYECPLLV,HLA-A*02:01,0.038461538,50,1,Positive,8.0,0.99491,0.02077
2341,TMLARLASA,HLA-A*02:01,0.666666667,1,1,Positive,4.0,0.99305,0.01209
2342,FDIDLLLQR,HLA-A*02:01,0.333333333,10,3,Positive,7.0,0.8358500000000001,-0.03276
2343,TLAVGDNRV,HLA-A*02:01,0.142857143,5,0,Negative,6.0,0.98766,0.1329
2345,VLSDFKTWL,HLA-A*02:01,0.2,33,6,Positive,6.0,0.99832,0.0418
2351,KLLGQINLV,HLA-A*02:01,0.3,8,2,Positive,8.0,0.99988,0.03104
2356,KVYDKLFPV,HLA-A*02:01,0.083333333,10,0,Negative,9.0,0.99986,-0.107
2357,FQFYKVREI,HLA-A*02:01,0.071428571,12,0,Negative,3.0,0.99472,-0.03468
2358,NLLTTPKFT,HLA-A*02:01,0.916666667,10,10,Positive,2.0,0.94882,-0.05078
2359,VIVIYIFTV,HLA-A*02:01,0.083333333,10,0,Negative,2.0,0.98706,0.39048
2362,FFWDANDIY,HLA-A*02:01,0.25,10,2,Positive,5.0,0.8314,0.22271
2364,FFFDIDLLL,HLA-A*02:01,0.083333333,10,0,Negative,6.0,0.9946,0.19496
2365,YLVLGIALL,HLA-A*02:01,0.083333333,10,0,Negative,1.0,0.99734,0.18706
2372,TIDQLCKTF,HLA-A*02:01,0.217391304,21,4,Positive,9.0,0.90467,-0.33023
2376,FVSSIKFYI,HLA-A*02:01,0.083333333,10,0,Negative,0.0,0.99621,-0.19693
2377,RLARAIIEL,HLA-A*02:01,0.111111111,7,0,Negative,1.0,0.99929,0.39898
2379,LLNPCLINV,HLA-A*02:01,0.083333333,10,0,Negative,7.0,0.99931,0.03234
2381,IVAPYIALL,HLA-A*02:01,0.083333333,10,0,Negative,0.0,0.9983,0.14976
2382,LLFFLALSI,HLA-A*02:01,0.083333333,10,0,Negative,4.0,0.97907,0.07581
2385,KVLIRCYLC,HLA-A*02:01,0.8,3,3,Positive,5.0,0.8103999999999999,0.12037
2391,ILIEGVFFA,HLA-A*02:01,0.666666667,1,1,Positive,1.0,0.9997,0.38301
2392,VLRKEEEKL,HLA-A*02:01,0.222222222,7,1,Positive,7.0,0.98393,-0.04995
2395,LLIDLTSFL,HLA-A*02:01,0.157894737,17,2,Positive,9.0,0.99944,0.02004
2398,CVNGVCWTV,HLA-A*02:01,0.8,3,3,Positive,9.0,0.94278,0.23107
2403,FIPQYLSAV,HLA-A*02:01,0.916666667,10,10,Positive,7.0,0.99769,-0.25096
2404,TLRGLFFSV,HLA-A*02:01,0.916666667,10,10,Positive,0.0,0.9939,0.15244
2405,LILDPKINV,HLA-A*02:01,0.25,6,1,Positive,2.0,0.99777,-0.08654
2406,AIMDKTVIL,HLA-A*02:01,0.090909091,9,0,Negative,0.0,0.99815,-0.09554
2408,YTFLYNFWT,HLA-A*02:01,0.083333333,10,0,Negative,3.0,0.9024,0.24537
2409,YIYGIPLSL,HLA-A*02:01,0.25,6,1,Positive,2.0,0.99979,0.04604
2410,SLFSLLPGV,HLA-A*02:01,0.833333333,4,4,Positive,1.0,0.99976,-0.13927
2411,LARNLVPMV,HLA-A*02:01,0.166666667,10,1,Positive,2.0,0.91249,-0.07361
2412,DIDEILEKV,HLA-A*02:01,0.25,6,1,Positive,4.0,0.98821,0.18561
2418,VLGIALLYI,HLA-A*02:01,0.083333333,10,0,Negative,5.0,0.9848,0.16106
2419,VQYIKFIFL,HLA-A*02:01,0.083333333,10,0,Negative,4.0,0.98712,0.21364
2420,RIWSWLLGA,HLA-A*02:01,0.666666667,1,1,Positive,3.0,0.99181,0.12113
2426,FVNYDFTIV,HLA-A*02:01,0.133333333,28,3,Positive,3.0,0.98444,0.2365
2429,PTGRSICPS,HLA-A*02:01,0.25,10,2,Positive,4.0,0.15,-0.02472
2433,SLSVVRPMT,HLA-A*02:01,0.125,6,0,Negative,7.0,0.93703,-0.0352
2435,NISTILYFT,HLA-A*02:01,0.083333333,10,0,Negative,5.0,0.91882,0.1698
2437,IMDQVPFSV,HLA-A*02:01,0.909090909,42,39,Positive,8.0,0.9999,-0.07746
2438,LTAGFLIFL,HLA-A*02:01,0.142857143,5,0,Negative,7.0,0.98407,0.33108
2439,SLNPWPPCL,HLA-A*02:01,0.5,4,2,Positive,9.0,0.99949,0.15114
2443,PLLDGTATL,HLA-A*02:01,0.058823529,15,0,Negative,3.0,0.99495,0.14396
2445,TLACFAVYT,HLA-A*02:01,0.285714286,5,1,Positive,0.0,0.94874,0.14196
2447,RLNDFLGLL,HLA-A*02:01,0.083333333,10,0,Negative,3.0,0.99721,0.1459
2448,LVISGLFPV,HLA-A*02:01,0.045454545,42,1,Positive,4.0,0.99783,-0.00839
2452,MMKTYIEFV,HLA-A*02:01,0.083333333,10,0,Negative,1.0,0.99546,0.24364
2455,TLMNVLTLV,HLA-A*02:01,0.428571429,5,2,Positive,4.0,0.9996,-0.00747
2457,LALLLLDRL,HLA-A*02:01,0.3,8,2,Positive,3.0,0.89566,0.01296
2458,LLTTLSNRV,HLA-A*02:01,0.5,2,1,Positive,5.0,0.99328,-0.09009
2459,LLVDLLWLL,HLA-A*02:01,0.333333333,10,3,Positive,3.0,0.99915,0.19494
2460,ENTRATKMQ,HLA-A*02:01,0.166666667,10,1,Positive,0.0,0.05,-0.14528
2461,YIDIGNYTV,HLA-A*02:01,0.5,10,5,Positive,6.0,0.99908,0.18759
2464,NLVPNVATV,HLA-A*02:01,0.4,3,1,Positive,2.0,0.99939,0.0905
2466,YMDGTMSQV,HLA-A*02:01,0.666666667,1,1,Positive,6.0,0.9998,-0.2935
2469,QLHDPSGYL,HLA-A*02:01,0.058823529,15,0,Negative,2.0,0.99209,-0.10727
2471,NLLMNGQQI,HLA-A*02:01,0.166666667,10,1,Positive,3.0,0.97414,-0.32014
2474,WLGAAITLV,HLA-A*02:01,0.083333333,10,0,Negative,9.0,0.99321,0.24003
2475,YLANGGFLI,HLA-A*02:01,0.916666667,10,10,Positive,8.0,0.99875,0.16341
2476,ALYDVVTKL,HLA-A*02:01,0.75,2,2,Positive,0.0,0.99996,0.00694
2478,GMVDGSVLV,HLA-A*02:01,0.0625,14,0,Negative,7.0,0.99949,-0.05865
2482,KTINYSFFL,HLA-A*02:01,0.083333333,10,0,Negative,1.0,0.99402,0.04456
2483,QQIFLEVQA,HLA-A*02:01,0.166666667,10,1,Positive,4.0,0.94679,0.21161
2484,TILDKILNV,HLA-A*02:01,0.227272727,20,4,Positive,5.0,0.99983,-0.07914
2485,MTEQTDEAV,HLA-A*02:01,0.125,6,0,Negative,7.0,0.89518,0.08198
2487,KLTFLDVEV,HLA-A*02:01,0.25,6,1,Positive,1.0,0.99795,0.23382
2489,ALFFFDIDL,HLA-A*02:01,0.166666667,10,1,Positive,0.0,0.99259,0.41596
2490,TPCHRGDNQ,HLA-A*02:01,0.166666667,10,1,Positive,0.0,0.05,0.11229
2491,ILEDIVLTL,HLA-A*02:01,0.928571429,12,12,Positive,1.0,0.99981,0.2366
2492,GLADAFILL,HLA-A*02:01,0.083333333,10,0,Negative,2.0,0.9997,0.28916
2493,AIVFDHYDV,HLA-A*02:01,0.125,6,0,Negative,2.0,0.93667,0.19309
2494,ITMSAFLIV,HLA-A*02:01,0.083333333,10,0,Negative,3.0,0.97329,-0.00677
2495,FLTATLGPA,HLA-A*02:01,0.083333333,10,0,Negative,0.0,0.97466,0.10145
2501,INVHHYPSA,HLA-A*02:01,0.166666667,10,1,Positive,0.0,0.8412900000000001,-0.03205
2502,ILSLFLISL,HLA-A*02:01,0.083333333,10,0,Negative,3.0,0.99592,0.05436
2504,ALCEKVTII,HLA-A*02:01,0.833333333,4,4,Positive,5.0,0.99443,0.02263
2506,AIQDFIIEV,HLA-A*02:01,0.083333333,10,0,Negative,6.0,0.99992,0.39482
2507,VISVIFYFI,HLA-A*02:01,0.083333333,10,0,Negative,3.0,0.95644,0.29292
2508,FTYTGGYDV,HLA-A*02:01,0.083333333,10,0,Negative,0.0,0.98291,0.1126
2510,FAIIAIVFV,HLA-A*02:01,0.083333333,10,0,Negative,1.0,0.97327,0.44374
2511,GLPVEYLQV,HLA-A*02:01,0.857142857,5,5,Positive,2.0,0.99615,0.05492
2513,IMEYHLLFA,HLA-A*02:01,0.083333333,10,0,Negative,6.0,0.97547,0.10888
2515,NVFKYLTSV,HLA-A*02:01,0.083333333,10,0,Negative,0.0,0.99896,-0.25694
2525,VAVNGPVAV,HLA-A*02:01,0.125,6,0,Negative,7.0,0.97088,0.08715
2526,MLMETMFFI,HLA-A*02:01,0.083333333,10,0,Negative,0.0,0.99918,0.08345
2528,EHPTFTSQY,HLA-A*02:01,0.166666667,10,1,Positive,6.0,0.6711099999999999,-0.0213
2529,RHVVCAHEL,HLA-A*02:01,0.166666667,10,1,Positive,2.0,0.764,0.12507
2531,RLLCALTSL,HLA-A*02:01,0.423076923,24,10,Positive,8.0,0.99559,-0.09409
2532,LMWDNVGLV,HLA-A*02:01,0.2,8,1,Positive,5.0,0.99807,0.1489
2534,SAPLPSNRV,HLA-A*02:01,0.714285714,5,4,Positive,1.0,0.94402,-0.15651
2536,ITINYFLLL,HLA-A*02:01,0.083333333,10,0,Negative,4.0,0.98039,0.12745
2537,EEDLTMTRN,HLA-A*02:01,0.166666667,10,1,Positive,3.0,0.05,-0.06846
2539,FLRYLLFGI,HLA-A*02:01,0.083333333,10,0,Negative,8.0,0.97456,0.11044
2540,LAILYILLL,HLA-A*02:01,0.083333333,10,0,Negative,4.0,0.91258,0.13788
2543,FVFRSPFIV,HLA-A*02:01,0.083333333,10,0,Negative,0.0,0.99662,0.0951
2551,GLVRLNAFL,HLA-A*02:01,0.083333333,10,0,Negative,5.0,0.99422,0.15001
2561,IVQENNGAV,HLA-A*02:01,0.125,6,0,Negative,3.0,0.95156,0.10222
2563,FLISVIVLV,HLA-A*02:01,0.083333333,10,0,Negative,9.0,0.99933,0.07057
2565,KLGPGEEQV,HLA-A*02:01,0.909090909,9,9,Positive,6.0,0.99916,0.14391
2566,ATWAENIQV,HLA-A*02:01,0.5,30,15,Positive,6.0,0.9964,0.24732
2567,CLLPKMDSV,HLA-A*02:01,0.714285714,5,4,Positive,4.0,0.99872,-0.468
2569,FLDKGTYTL,HLA-A*02:01,0.5,2,1,Positive,0.0,0.99999,-0.1207
2570,AAANIIRTL,HLA-A*02:01,0.142857143,12,1,Positive,2.0,0.97612,0.32743
2572,LITGRLQSL,HLA-A*02:01,0.090909091,9,0,Negative,9.0,0.98087,-0.10776
2573,YATVEVPSL,HLA-A*02:01,0.125,6,0,Negative,1.0,0.98406,0.08448
2574,GLILFVLAL,HLA-A*02:01,0.083333333,10,0,Negative,8.0,0.98885,0.1984
2576,YLMKDKLNI,HLA-A*02:01,0.083333333,10,0,Negative,3.0,0.99922,-0.46854
2577,YLLGDSDSV,HLA-A*02:01,0.083333333,10,0,Negative,6.0,0.99947,-0.18157
2578,IILNGSLLT,HLA-A*02:01,0.125,6,0,Negative,8.0,0.94001,-0.14868
2579,KLYLVDYGL,HLA-A*02:01,0.083333333,10,0,Negative,6.0,0.99721,0.0654
2580,EFFWDANDI,HLA-A*02:01,0.333333333,10,3,Positive,9.0,0.621,0.32682
2581,KTMAVTYEL,HLA-A*02:01,0.083333333,10,0,Negative,0.0,0.99648,0.11449
2583,IASTPKKHR,HLA-A*02:01,0.25,10,2,Positive,5.0,0.63083,-0.39154
2584,GLGIFCFRI,HLA-A*02:01,0.083333333,10,0,Negative,2.0,0.93954,0.33721
2587,YILYIVFCI,HLA-A*02:01,0.083333333,10,0,Negative,7.0,0.97619,0.22844
2591,FLAYYPPMM,HLA-A*02:01,0.083333333,10,0,Negative,1.0,0.99861,-0.11702
2592,IILEFFLMV,HLA-A*02:01,0.038461538,50,1,Positive,6.0,0.99691,0.20939
2595,LLDEPTNHL,HLA-A*02:01,0.833333333,4,4,Positive,8.0,0.99994,0.14713
2597,LLSSGAFSA,HLA-A*02:01,0.444444444,25,11,Positive,4.0,0.98954,-0.1482
2598,VLCPKNMII,HLA-A*02:01,0.166666667,10,1,Positive,5.0,0.98082,-0.31519
2600,RLYDLTRYA,HLA-A*02:01,0.083333333,10,0,Negative,0.0,0.999,0.08838
2602,MLLALVALV,HLA-A*02:01,0.083333333,10,0,Negative,3.0,0.9957,0.09037
2603,FVVFILIYV,HLA-A*02:01,0.083333333,10,0,Negative,8.0,0.98899,0.36052
2606,AITEVECFL,HLA-A*02:01,0.444444444,7,3,Positive,4.0,0.98587,0.2707
2608,ILFLLFVCI,HLA-A*02:01,0.083333333,10,0,Negative,6.0,0.95804,0.12958
2609,HFGLLCPKS,HLA-A*02:01,0.25,10,2,Positive,0.0,0.3,-0.19707
2611,IIFFIVLIL,HLA-A*02:01,0.083333333,10,0,Negative,1.0,0.94603,0.39266
2613,FILGIIITV,HLA-A*02:01,0.083333333,10,0,Negative,1.0,0.99959,0.42038
2614,NMLRIMASL,HLA-A*02:01,0.6,3,2,Positive,1.0,0.98791,-0.05086
2615,LFLNTLSFV,HLA-A*02:01,0.347826087,21,7,Positive,5.0,0.94287,-0.05397
2619,MLIASTLIV,HLA-A*02:01,0.083333333,10,0,Negative,2.0,0.9928,0.02641
2620,LLLISLVYA,HLA-A*02:01,0.083333333,10,0,Negative,2.0,0.98992,-0.00854
2622,ITYNYQLFL,HLA-A*02:01,0.083333333,10,0,Negative,1.0,0.99068,-0.06131
2623,YTGGYDVSL,HLA-A*02:01,0.083333333,10,0,Negative,2.0,0.97943,0.00056
2625,LVIWILIVA,HLA-A*02:01,0.083333333,10,0,Negative,6.0,0.91629,0.52169
2626,TLEGFASPL,HLA-A*02:01,0.916666667,10,10,Positive,0.0,0.97245,0.07133
2629,YLQQNTHTL,HLA-A*02:01,0.333333333,25,8,Positive,8.0,0.99985,-0.07394
2630,MTFGDIPLV,HLA-A*02:01,0.083333333,10,0,Negative,9.0,0.99862,0.20314
2631,SIVCIVAAV,HLA-A*02:01,0.083333333,10,0,Negative,7.0,0.98044,0.18349
2633,VLFLLVIGA,HLA-A*02:01,0.0625,14,0,Negative,7.0,0.97988,0.18702
2636,IMVLSFLFL,HLA-A*02:01,0.25,6,1,Positive,2.0,0.97231,0.01038
2639,ILSAHVATA,HLA-A*02:01,0.105263158,17,1,Positive,8.0,0.99701,0.11173
2640,VLAADAVFV,HLA-A*02:01,0.666666667,4,3,Positive,0.0,0.99833,0.21374
2641,LIDQYLYYL,HLA-A*02:01,0.4,3,1,Positive,4.0,0.99678,-0.12868
2644,FTSSFYNYV,HLA-A*02:01,0.083333333,10,0,Negative,2.0,0.99447,-0.11727
2645,LMMMLPATL,HLA-A*02:01,0.038461538,50,1,Positive,2.0,0.99302,-0.19924
2650,LLFPWPLPT,HLA-A*02:01,0.083333333,10,0,Negative,4.0,0.99652,0.21626
2653,SLPDVVISA,HLA-A*02:01,0.083333333,10,0,Negative,7.0,0.9997,0.11344
2659,YLLDRGADI,HLA-A*02:01,0.083333333,10,0,Negative,8.0,0.99464,0.147
2661,FLWEDQTLL,HLA-A*02:01,0.333333333,4,1,Positive,4.0,0.99996,0.11149
2664,TLIVNLVEV,HLA-A*02:01,0.545454545,20,11,Positive,3.0,0.99951,0.16134
2665,YILELCNSL,HLA-A*02:01,0.083333333,10,0,Negative,8.0,0.99565,-0.06652
2666,FADCMYYFL,HLA-A*02:01,0.083333333,10,0,Negative,4.0,0.9663,-0.15625
2669,VMATLLPPV,HLA-A*02:01,0.111111111,16,1,Positive,6.0,0.9976,0.01468
2670,LILCYFILI,HLA-A*02:01,0.083333333,10,0,Negative,8.0,0.9207,0.15459
2672,HNPAVFTWP,HLA-A*02:01,0.166666667,10,1,Positive,5.0,0.31667,0.34835
2678,FPTKDVALR,HLA-A*02:01,0.25,10,2,Positive,0.0,0.58,-0.1174
2679,WLMWLIINL,HLA-A*02:01,0.5,10,5,Positive,3.0,0.993,0.38891
2680,TSAGRKRKS,HLA-A*02:01,0.166666667,10,1,Positive,1.0,0.275,-0.18812
2687,LLPPLLEHL,HLA-A*02:01,0.083333333,10,0,Negative,4.0,0.99901,0.0674
2689,IMNFFKTEI,HLA-A*02:01,0.071428571,12,0,Negative,4.0,0.98504,0.11796
2691,RVTGGVFLV,HLA-A*02:01,0.5,4,2,Positive,6.0,0.99616,0.21088
2693,VKNPYPISF,HLA-A*02:01,0.666666667,1,1,Positive,1.0,0.8809999999999999,-0.01164
2694,EGAAQGDDD,HLA-A*02:01,0.166666667,10,1,Positive,8.0,0.0,0.00285
2697,DLMGYIPLV,HLA-A*02:01,0.114285714,33,3,Positive,5.0,0.9983,0.08294
2698,ATFAAPVAL,HLA-A*02:01,0.595238095,40,24,Positive,9.0,0.9872,0.16273
2699,FIKGFLYHT,HLA-A*02:01,0.083333333,10,0,Negative,3.0,0.9719,0.08344
2700,FIFLQMALL,HLA-A*02:01,0.083333333,10,0,Negative,6.0,0.98821,-0.22472
2701,LIVLFEVFV,HLA-A*02:01,0.083333333,10,0,Negative,5.0,0.96823,0.31373
2706,KILAIIFLV,HLA-A*02:01,0.083333333,10,0,Negative,2.0,0.99776,0.38297
2708,VLIAGIILL,HLA-A*02:01,0.083333333,10,0,Negative,2.0,0.99931,0.34669
2709,AIMDKNIIL,HLA-A*02:01,0.833333333,4,4,Positive,3.0,0.99701,-0.06069
2710,ILALCIIFV,HLA-A*02:01,0.083333333,10,0,Negative,2.0,0.98973,0.25504
2713,FVNYNFTLV,HLA-A*02:01,0.153846154,37,5,Positive,2.0,0.99476,0.12436
2717,SLYNTIAIL,HLA-A*02:01,0.8,3,3,Positive,4.0,0.99777,0.26615
2719,IFLWLLWPV,HLA-A*02:01,0.75,10,8,Positive,2.0,0.90497,0.37851
2721,YLNKIQNSL,HLA-A*02:01,0.263157895,17,4,Positive,2.0,0.99972,-0.30066
2722,YAYGWIPET,HLA-A*02:01,0.083333333,10,0,Negative,0.0,0.99382,0.42302
2725,MIAQYTSAL,HLA-A*02:01,0.4,3,1,Positive,0.0,0.98742,-0.18768
2726,ILSCIFAFI,HLA-A*02:01,0.083333333,10,0,Negative,5.0,0.98502,0.23327
2727,YLTAIQDFI,HLA-A*02:01,0.083333333,10,0,Negative,5.0,0.99522,0.15965
2728,FLAHIQWMV,HLA-A*02:01,0.090909091,9,0,Negative,6.0,0.99974,0.15015
2729,STFGMLYFA,HLA-A*02:01,0.142857143,5,0,Negative,5.0,0.9837,-0.04406
2730,HNPTGRSIC,HLA-A*02:01,0.25,10,2,Positive,4.0,0.2333299999999999,0.05532
2731,ALNTPKDHI,HLA-A*02:01,0.090909091,9,0,Negative,8.0,0.97627,-0.13922
2733,EILGALLSI,HLA-A*02:01,0.263157895,17,4,Positive,6.0,0.97837,-0.04786
2735,KLPQLCTEL,HLA-A*02:01,0.208333333,22,4,Positive,8.0,0.99415,-0.09045
2740,SMLEFMYLA,HLA-A*02:01,0.083333333,10,0,Negative,2.0,0.99806,0.03625
2745,AIMDKNITL,HLA-A*02:01,0.181818182,9,1,Positive,2.0,0.99953,-0.11577
2746,LIMFEQYFI,HLA-A*02:01,0.083333333,10,0,Negative,4.0,0.98219,0.11454
2747,YLTAPTGCI,HLA-A*02:01,0.083333333,22,1,Positive,4.0,0.96659,0.07481
2753,HMWNFISGI,HLA-A*02:01,0.076923077,11,0,Negative,7.0,0.99642,0.18485
2756,HLPVADAVI,HLA-A*02:01,0.25,10,2,Positive,0.0,0.93079,0.15406
2758,FIHLQLYSL,HLA-A*02:01,0.083333333,10,0,Negative,5.0,0.99491,-0.22368
2759,ELVCSMENT,HLA-A*02:01,0.166666667,10,1,Positive,1.0,0.71963,-0.28653
2762,GLNERLLSV,HLA-A*02:01,0.181818182,20,3,Positive,4.0,0.99987,0.03259
2763,NLVPRVATV,HLA-A*02:01,0.4,3,1,Positive,9.0,0.99942,0.1472
2764,ILDKKVEKV,HLA-A*02:01,0.75,2,2,Positive,0.0,0.9998,-0.42244
2765,QLWPEEIGV,HLA-A*02:01,0.1,8,0,Negative,3.0,0.99979,0.38461
2766,TLTSYWRRV,HLA-A*02:01,0.909090909,9,9,Positive,8.0,0.9761,0.12496
2767,LLILSCIFA,HLA-A*02:01,0.083333333,10,0,Negative,7.0,0.9578,0.00091
2770,VLHDDLLEA,HLA-A*02:01,0.7,8,6,Positive,4.0,0.99934,0.09312
2772,FLWSVFMLI,HLA-A*02:01,0.076923077,11,0,Negative,3.0,0.99564,-0.09885
2773,WLIIIFFIV,HLA-A*02:01,0.083333333,10,0,Negative,5.0,0.94065,0.59348
2776,VLCPYMPKV,HLA-A*02:01,0.111111111,7,0,Negative,4.0,0.99935,-0.33292
2777,KLQEQQSDL,HLA-A*02:01,0.105263158,17,1,Positive,6.0,0.99523,-0.28535
2779,HIMLDVAFT,HLA-A*02:01,0.166666667,10,1,Positive,8.0,0.91991,0.09372
2780,RMLGDVMAV,HLA-A*02:01,0.916666667,10,10,Positive,1.0,0.99975,-0.03438
2781,FLVDGLSSI,HLA-A*02:01,0.083333333,10,0,Negative,7.0,0.99989,-0.178
2782,FLIPKGFYA,HLA-A*02:01,0.083333333,10,0,Negative,2.0,0.9998,-0.04942
2784,HLVEALYLV,HLA-A*02:01,0.135135135,35,4,Positive,8.0,0.99968,0.13221
2786,FLYALALLL,HLA-A*02:01,0.75,2,2,Positive,2.0,0.99788,0.04836
2795,KLYTIVSTL,HLA-A*02:01,0.083333333,10,0,Negative,0.0,0.99952,0.08938
2796,YLYALVYFL,HLA-A*02:01,0.181818182,9,1,Positive,9.0,0.99911,0.13151
2797,VLFGLGFAI,HLA-A*02:01,0.416666667,10,4,Positive,8.0,0.99482,0.21486
2798,TIIALLFAL,HLA-A*02:01,0.083333333,10,0,Negative,7.0,0.98665,0.18299
2799,FLDRALLTL,HLA-A*02:01,0.75,2,2,Positive,8.0,0.99975,0.10026
2802,SMYLPGAEV,HLA-A*02:01,0.8,3,3,Positive,2.0,0.99595,0.10026
2804,LLLFHSYAI,HLA-A*02:01,0.083333333,10,0,Negative,1.0,0.99262,0.00971
2807,MQWLTQYYI,HLA-A*02:01,0.083333333,10,0,Negative,1.0,0.99054,-0.01578
