,PC1,PC2,PC3,PC4,PC5,PC6,PC7,PC8,PC9,PC10,PC11,PC12
A,0.24066384742085717,5.65969373421231,16.599203076407285,1.3097949561732745,3.3587565536251005,1.9574310258597498,-3.6569027228538586,-0.6627086148591391,3.5448467293745454,-2.2801555125622843,0.8253850829417285,1.695619107454509
R,-8.175186369473586,-15.780858051446078,-1.1126192621775015,0.4244890854752391,-8.777147893560985,-8.2816517878085,-3.2240499230410338,-5.5246731414173755,-2.221851093944042,-5.846545601385147,5.480146085485634,-2.208767957302542
N,-15.225239891019037,-0.047932589579985925,-4.124878352673217,-5.722295080397382,-1.9431521714500442,3.160409222539735,2.6256212266098258,5.522366181432297,-0.12654664349424305,4.788495578177082,2.069948079629049,-2.140822220840548
D,-18.353467989973872,-2.934034632577307,-0.038343090072379425,-2.0130359823062007,5.910450550347393,5.475429725958869,9.028241483968335,-1.4021128977046615,-2.049013496328128,-1.3710997828544889,1.2736482171067984,-1.4736228203700314
C,8.222843193810007,8.19482181640961,-7.137235317851978,-14.957017737863644,10.512318402717234,-8.495575154730746,-1.8124387957732295,-5.003456069715562,-1.307595004322213,4.163105167810066,2.460438644042325,0.5891767020791717
Q,-7.867675634628621,-9.076027179235789,1.8276801249102668,-0.35157096714858876,1.4703551942537132,-2.4901219979030387,-1.1344037146180224,0.4465658558487414,0.4627815179372727,0.3605135132721473,-5.924370748392964,-3.6538672935748084
E,-12.058054880866349,-11.669599326113431,11.278427001230776,2.802910909006559,8.31361357459978,3.515033588920941,4.80580494878679,-3.30569667539036,-2.664434406210755,-1.1018335010043387,-0.07949936179828335,2.42495072150015
G,-16.404901187801595,21.5934616365047,1.4058083342048233,-5.276889954049384,-8.113453005934904,9.225328286159472,-5.809173297759741,-4.253510380685059,-3.6831056401884106,-1.8804761670437002,-1.3964992311786857,0.4007734563415209
H,-0.3293056231310319,-8.348482503523785,-4.903228442934712,-4.586996096585355,0.9373596019507576,0.7175895985637599,-4.271917130801596,9.329191924688216,-3.112185534062329,-2.9973171020078015,1.798455061030934,8.193618852240716
I,20.67412975580203,5.865712858513279,2.7753309285104524,3.819351167358552,-2.760304951650111,-2.009496639472552,4.013843713299469,0.009658360646297263,-3.9094917073578253,1.2515059014515422,-3.51424791457119,1.423621197661974
L,17.902498302961085,3.266667204800428,11.474198681825117,6.582298908638005,-1.4027275618621193,1.8987092316588432,-0.4027816970988382,0.8865619205386586,1.6335919603390048,4.810411896313702,7.286483914048559,-1.8597715772739658
K,-11.693940511387952,-13.413683614641132,5.794685498068522,1.722039937781347,-6.102149735719842,-2.025801598657138,-4.588978122511442,-1.1381017632844406,1.0363142137597674,8.918282687002742,-3.38688992624974,2.4454824158627892
M,16.1748305282021,-4.76054343123318,3.1780613579676276,-2.299252810221092,6.945059549890808,1.968490460909477,-7.026278908301176,3.450159780310702,-1.6438627376418156,-2.9283763870146697,-4.051557767069826,-6.848073056941334
F,19.44105221572264,-0.46427598198953735,-3.9881594026874554,2.5372819350191835,-1.1799767423052971,4.132039528346389,0.6080239521217112,2.4067175076814604,-1.223161025621625,-1.330460615103338,3.4614970272297945,-2.1535092951189188
P,-16.816701121719984,11.219759951482242,-14.556461364270211,19.034938348204165,7.43840347808619,-3.7808532771141135,-3.754224482353619,0.07407835444766427,-0.7941886462122635,0.6180717612091177,0.3067132117872004,0.3189417668186086
S,-12.651824913994739,8.064252481497578,1.362023891050814,-3.426874923159342,-2.2449411844976543,-2.8830006291924573,1.7999401599018956,3.4161538904419646,6.239889761498385,0.09914727935839568,1.1097056794879996,-1.9040513259346823
T,-4.930504019551625,6.012165420510982,0.18549285674215532,-1.4234588213812582,-2.6769930771462174,-6.2431544506712555,4.131398732169468,2.721984911886287,7.104243302245942,-4.6655105396364736,-2.0805773990369887,0.279654315844466
W,17.594701990163127,-8.797000906059065,-13.159774295727587,-0.09629552052013854,0.8996852240716042,8.59841761222855,-0.8725223564231321,-6.08301440991453,8.029039967062696,-0.769022597634592,-1.2250784520169125,3.348495736493079
Y,8.30617085315137,-3.296447711720762,-12.994878467511484,0.389978828527898,-7.4344420943197305,1.957701169129801,4.840809392992795,0.18729583352398554,-2.6771911064073675,1.4249135090465668,-1.4531462713857641,-2.321694703486131
V,15.94991145631522,8.71235082418891,6.134666244988669,1.5306038174481726,-3.1507137110956935,-6.396923914725786,4.699987541685388,-1.0774605684751362,-2.638080410426593,-1.2636494873945339,-2.960553931089655,3.4438459785459825
